PLAYER_ID,PLAYER_NAME,NICKNAME,TEAM_ID,TEAM_ABBREVIATION,AGE,GP,W,L,W_PCT_x,MIN,FGM,FGA,FG_PCT_x,FG3M,FG3A,FG3_PCT,FTM,FTA,FT_PCT,OREB,DREB,REB,AST,TOV,STL,BLK,BLKA,PF,PFD,PTS,PLUS_MINUS,NBA_FANTASY_PTS,DD2,TD3,WNBA_FANTASY_PTS,GP_RANK,W_RANK,L_RANK,W_PCT_RANK,MIN_RANK,FGM_RANK,FGA_RANK,FG_PCT_RANK,FG3M_RANK,FG3A_RANK,FG3_PCT_RANK,FTM_RANK,FTA_RANK,FT_PCT_RANK,OREB_RANK,DREB_RANK,REB_RANK,AST_RANK,TOV_RANK,STL_RANK,BLK_RANK,BLKA_RANK,PF_RANK,PFD_RANK,PTS_RANK,PLUS_MINUS_RANK,NBA_FANTASY_PTS_RANK,DD2_RANK,TD3_RANK,WNBA_FANTASY_PTS_RANK,TEAM_COUNT,W_PCT_y,TS_PCT,USG_PCT,PIE,FG_PCT_y,NET_RATING,AST_PCT,REB_PCT,FG3A_RATE,PTS_PER_SHOT,STL_per36,BLK_per36,OREB_per36,DREB_per36,PFD_per36,TOV_per36
1631260,AJ Green,AJ,1610612749,MIL,25.0,73,44,29,0.603,1659.1416666666667,182,424,0.429,155,363,0.427,22,27,0.815,18,156,174,108,40,37,7,3,157,50,541,227,1003.8,0,0,1066.0,86,62,362,164,152,231,220,353,58,77,37,364,372,180,381,227,261,215,286,235,370,99,498,290,214,62,247,281,44,225,1,0.603,0.621,0.123,0.058,0.429,6.4,0.086,0.051,0.8561320754716981,1.275943396226415,0.802824753763241,0.15188576422547803,0.3905633937226578,3.3848827455963675,1.0848983158962717,0.8679186527170173
203932,Aaron Gordon,Aaron,1610612743,DEN,29.0,51,33,18,0.647,1446.7166666666667,264,497,0.531,75,172,0.436,145,179,0.81,80,167,247,164,73,23,14,37,82,137,748,301,1328.4,3,0,1308.0,275,166,211,101,185,150,182,79,191,222,24,89,93,196,104,206,173,128,180,329,265,451,301,107,139,41,183,134,44,181,1,0.647,0.65,0.186,0.104,0.531,9.5,0.143,0.086,0.3460764587525151,1.5050301810865192,0.5723304494084306,0.3483750561616534,1.9907146066380192,4.155616741356865,3.409098763867608,1.8165270785571928
1630174,Aaron Nesmith,Aaron,1610612754,IND,25.0,45,29,16,0.644,1121.6183333333333,192,379,0.507,84,195,0.431,73,80,0.913,37,141,178,54,37,35,17,22,114,77,541,198,954.6,0,0,961.0,318,212,189,102,250,223,238,116,168,200,34,189,224,33,261,251,256,336,303,252,225,349,396,213,214,72,259,281,44,251,1,0.644,0.653,0.171,0.087,0.507,8.5,0.063,0.078,0.5145118733509235,1.4274406332453826,1.1233767874098588,0.5456401538847885,1.1875697466904218,4.525603629279717,2.471428932301689,1.1875697466904218
1630598,Aaron Wiggins,Aaron,1610612760,OKC,26.0,76,62,14,0.816,1743.9,355,728,0.488,130,339,0.383,74,89,0.831,81,214,295,134,69,60,18,39,101,68,914,514,1634.0,2,0,1629.0,51,4,168,25,139,95,97,156,83,93,125,187,204,140,103,130,127,168,192,119,216,462,351,235,97,9,123,159,44,119,1,0.816,0.596,0.2,0.105,0.488,14.2,0.102,0.081,0.46565934065934067,1.2554945054945055,1.2386031309134697,0.3715809392740409,1.672114226733184,4.417684500258042,1.4037502150352656,1.4243936005504902
201143,Al Horford,Al,1610612738,BOS,39.0,60,44,16,0.733,1658.5733333333333,195,461,0.423,114,314,0.363,34,38,0.895,79,290,369,128,46,36,51,8,81,35,538,397,1387.8,7,0,1323.0,206,62,189,61,153,220,207,378,105,108,201,300,331,45,107,76,80,177,267,244,56,187,295,340,217,20,170,87,44,177,1,0.733,0.563,0.136,0.091,0.423,11.5,0.102,0.106,0.6811279826464208,1.1670281995661604,0.7813944514562717,1.106975472896385,1.7147267129179296,6.294566414508855,0.7596890500269308,0.9984484657496805
1627936,Alex Caruso,Alex,1610612760,OKC,31.0,54,44,10,0.815,1040.635,140,314,0.446,60,170,0.353,42,51,0.824,38,121,159,137,37,87,30,14,102,62,382,321,1092.3,0,0,972.0,258,62,117,26,266,275,269,291,222,224,235,287,291,156,254,275,282,161,303,35,132,268,358,252,276,35,228,281,44,249,1,0.815,0.568,0.147,0.101,0.446,15.0,0.171,0.072,0.5414012738853503,1.21656050955414,3.0097008076799265,1.0378278647172159,1.31458196197514,4.185905721026105,2.144844253748913,1.2799876998178996
1642259,Alex Sarr,Alex,1610612764,WAS,20.0,67,13,54,0.194,1814.2283333333332,326,828,0.394,105,341,0.308,112,165,0.679,124,311,435,161,114,44,101,39,146,123,869,-546,1953.5,10,0,1860.0,147,382,557,527,126,105,78,455,124,90,365,120,102,427,49,63,54,134,82,197,11,462,473,127,106,566,88,62,44,89,1,0.194,0.482,0.23,0.084,0.394,-13.7,0.139,0.108,0.41183574879227053,1.0495169082125604,0.8730984798863062,2.0041578742844757,2.460550261497772,6.171218801014573,2.440707114227629,2.2621187887963385
1630578,Alperen Sengun,Alperen,1610612745,HOU,22.0,76,52,24,0.684,2394.9766666666665,567,1143,0.496,21,90,0.233,296,428,0.692,262,524,786,372,194,84,61,84,209,406,1451,410,3193.2,45,4,2920.0,51,19,291,77,35,21,26,143,336,294,455,20,11,403,6,12,8,31,21,39,43,565,560,6,27,17,11,7,9,15,1,0.684,0.545,0.259,0.153,0.496,7.6,0.238,0.153,0.07874015748031496,1.2694663167104112,1.2626427814884766,0.9169191627475842,3.938242961309296,7.876485922618592,6.102773443860971,2.916103566771006
1641708,Amen Thompson,Amen,1610612745,HOU,22.0,69,43,26,0.623,2225.415,388,697,0.557,25,91,0.275,169,247,0.684,192,372,564,265,138,97,89,45,167,175,970,268,2464.3,21,3,2196.0,129,75,315,134,57,76,101,65,315,292,417,70,55,416,14,32,22,70,59,21,18,489,522,74,91,50,46,28,11,61,1,0.623,0.602,0.172,0.129,0.557,6.3,0.167,0.118,0.13055954088952654,1.3916786226685796,1.5691455301595432,1.4397314658164881,3.105937544233323,6.017753991952063,2.8309326575043308,2.2323926099177007
1629599,Amir Coffey,Amir,1610612746,LAC,28.0,72,41,31,0.569,1747.54,240,510,0.471,101,247,0.409,115,129,0.891,32,129,161,77,45,40,7,27,120,95,696,-66,1100.7,0,0,1129.0,95,83,395,214,137,177,176,208,137,160,61,117,143,52,290,266,277,277,270,214,370,395,415,179,156,404,226,281,44,213,1,0.569,0.614,0.15,0.072,0.471,-1.4,0.065,0.046,0.4843137254901961,1.3647058823529412,0.8240154731794409,0.14420270780640213,0.6592123785435526,2.6574499010036967,1.9570367488011722,0.9270174073268709
1629614,Andrew Nembhard,Andrew,1610612754,IND,25.0,65,44,21,0.677,1880.67,247,539,0.458,51,175,0.291,108,136,0.794,34,182,216,326,112,79,11,30,149,130,653,204,1559.2,2,0,1426.0,162,62,253,83,110,171,168,249,239,220,395,127,138,229,280,178,210,53,84,48,311,416,476,116,175,68,141,159,44,151,1,0.677,0.545,0.163,0.081,0.458,5.3,0.225,0.057,0.3246753246753247,1.2115027829313543,1.5122270254749637,0.2105632567117038,0.6508318843816299,3.483864792866372,2.4884748520474083,2.143916795610075
203952,Andrew Wiggins,Andrew,1610612748,MIA,30.0,60,27,33,0.45,1842.2816666666668,376,839,0.448,130,348,0.374,196,257,0.763,89,180,269,158,99,60,50,63,101,174,1078,-100,1868.8,3,0,1855.0,206,232,428,346,118,83,74,282,83,87,159,55,50,286,86,183,148,137,109,119,59,540,351,77,75,452,98,134,44,90,2,0.45,0.566,0.238,0.105,0.448,-2.3,0.137,0.069,0.41477949940405245,1.2848629320619784,1.172459151649811,0.9770492930415092,1.7391477416138863,3.5173774549494334,3.400131539784452,1.934557600222188
1629014,Anfernee Simons,Anfernee,1610612757,POR,26.0,70,28,42,0.4,2291.8983333333335,479,1125,0.426,215,593,0.363,175,194,0.902,25,164,189,337,143,60,5,64,117,140,1348,-220,2132.3,2,0,2219.0,118,220,517,389,43,40,27,368,17,13,203,68,86,41,329,213,241,46,54,119,396,542,410,102,40,520,69,159,44,59,1,0.4,0.557,0.241,0.106,0.426,-4.6,0.241,0.039,0.5271111111111111,1.1982222222222223,0.9424501813998439,0.07853751511665365,0.3926875755832683,2.57603049582624,2.1990504232663026,2.2461729323362944
1641710,Anthony Black,Anthony,1610612753,ORL,21.0,78,39,39,0.5,1886.9933333333333,262,620,0.423,62,195,0.318,150,197,0.761,52,178,230,240,139,86,48,53,166,182,736,-40,1635.0,1,0,1536.0,35,100,486,266,108,152,125,381,218,200,344,85,84,293,187,188,191,78,58,36,65,517,521,66,142,367,121,198,44,130,1,0.5,0.521,0.19,0.084,0.423,-0.9,0.201,0.061,0.31451612903225806,1.1870967741935483,1.6407053195736427,0.9157425039480797,0.9920543792770863,3.3958784521407956,3.472190327469802,2.6518376676829805
203076,Anthony Davis,Anthony,1610612742,DAL,32.0,51,30,21,0.588,1705.4883333333332,470,910,0.516,35,124,0.282,286,369,0.775,134,456,590,181,113,59,110,39,98,273,1261,25,2634.5,36,1,2405.0,275,196,253,186,145,46,61,97,274,262,407,23,20,263,38,16,20,113,83,124,7,462,341,26,51,180,35,14,20,45,2,0.588,0.588,0.301,0.179,0.516,0.5,0.182,0.173,0.13626373626373625,1.3857142857142857,1.2453911049914348,2.321915619475556,2.828515390997495,9.62539565891685,5.762572401062062,2.3852405909157985
1630162,Anthony Edwards,Anthony,1610612750,MIN,23.0,79,48,31,0.608,2871.0583333333334,721,1612,0.447,320,811,0.395,415,496,0.837,61,389,450,359,249,91,51,55,150,343,2177,291,3432.5,7,0,3590.0,23,30,395,160,3,4,2,288,1,1,104,6,5,126,150,29,47,38,5,28,56,523,480,10,2,46,6,87,44,3,1,0.608,0.595,0.307,0.14,0.447,4.8,0.209,0.077,0.5031017369727047,1.3504962779156326,1.141042646875281,0.6394854394575752,0.7648747413120017,4.877643842137191,4.300853053606829,3.1221936161752195
1641709,Ausar Thompson,Ausar,1610612765,DET,22.0,59,34,25,0.576,1327.715,246,460,0.535,11,49,0.224,91,142,0.641,111,192,303,134,80,98,40,42,164,130,594,67,1492.6,3,0,1318.0,218,157,300,206,210,172,208,76,390,362,462,156,128,460,60,166,120,168,157,19,84,480,511,116,191,125,153,134,44,179,1,0.576,0.568,0.185,0.104,0.535,4.0,0.139,0.11,0.10652173913043478,1.291304347826087,2.6571967628594995,1.0845701072895917,3.0096820477286164,5.205936514990039,3.5248528486911725,2.1691402145791834
1630559,Austin Reaves,Austin,1610612747,LAL,27.0,73,46,27,0.63,2550.0916666666667,477,1037,0.46,200,531,0.377,321,366,0.877,61,268,329,421,177,81,22,47,151,321,1475,195,2633.3,9,1,2631.0,86,45,334,121,23,41,41,243,20,20,144,14,21,74,150,87,97,21,30,44,187,498,484,13,25,73,36,71,20,30,1,0.63,0.616,0.23,0.118,0.46,3.8,0.241,0.065,0.5120540019286403,1.4223722275795565,1.1434883059759289,0.3105770707588943,0.8611455143769341,3.7833934074265305,4.5316018051638665,2.4987337056511043
1630245,Ayo Dosunmu,Ayo,1610612741,CHI,25.0,46,17,29,0.37,1393.8833333333334,221,449,0.492,62,189,0.328,62,79,0.785,26,135,161,208,69,43,18,34,105,63,566,-234,1185.2,1,1,1119.0,307,323,362,412,196,189,211,149,218,208,315,219,227,242,321,257,277,98,192,202,216,436,365,250,206,524,214,198,20,214,1,0.37,0.585,0.163,0.084,0.492,-7.7,0.21,0.054,0.4209354120267261,1.2605790645879733,1.110566403214042,0.4648882618105293,0.6715052670596534,3.4866619635789693,1.6271089163368526,1.7820716702736956
1628389,Bam Adebayo,Bam,1610612748,MIA,27.0,78,36,42,0.462,2673.693333333333,540,1113,0.485,79,221,0.357,251,328,0.765,185,564,749,337,161,98,53,46,162,309,1410,27,3106.3,38,1,2877.0,35,136,517,327,12,27,32,164,181,181,217,35,29,282,19,9,10,46,42,19,52,493,506,15,32,175,15,11,20,16,1,0.462,0.561,0.232,0.137,0.485,0.1,0.204,0.141,0.1985624438454627,1.266846361185984,1.3195230567454759,0.7136196123215328,2.4909363826317654,7.593989836780085,4.160536985044408,2.167787878938996
1641767,Ben Sheppard,Ben,1610612754,IND,23.0,63,40,23,0.635,1229.5583333333334,120,287,0.418,68,199,0.342,24,27,0.889,44,133,177,85,22,38,14,13,125,35,332,-59,805.9,0,0,766.0,185,89,283,111,230,298,283,400,205,198,272,348,372,54,221,260,257,253,371,229,265,254,428,340,299,392,287,281,44,289,1,0.635,0.555,0.108,0.055,0.418,-2.2,0.087,0.07,0.6933797909407665,1.156794425087108,1.1125946308633858,0.4099032850549316,1.2882674673154995,3.8940812080218503,1.0247582126373291,0.6441337336577497
1627732,Ben Simmons,Ben,1610612746,LAC,28.0,51,26,25,0.51,1119.6933333333334,116,223,0.52,0,0,0.0,24,33,0.727,47,194,241,285,102,38,23,10,107,58,256,-56,1053.7,1,0,904.0,275,240,300,262,252,307,321,92,499,542,499,348,351,349,205,160,181,65,104,229,173,207,374,264,330,388,237,198,44,261,2,0.51,0.539,0.133,0.103,0.52,-1.8,0.358,0.113,0.0,1.147982062780269,1.2217631018016837,0.739488193195756,1.5111280469652404,6.237422151303333,1.8647963132762542,3.279469378520309
1631097,Bennedict Mathurin,Bennedict,1610612754,IND,23.0,72,43,29,0.597,2149.318333333333,391,853,0.458,98,288,0.34,276,332,0.831,87,296,383,136,135,47,24,67,162,245,1156,94,1897.6,8,0,1915.0,95,75,362,175,69,74,71,246,141,132,278,27,27,141,93,69,73,164,67,178,170,550,506,41,64,114,93,77,44,86,1,0.597,0.579,0.222,0.092,0.458,1.6,0.09,0.088,0.3376318874560375,1.3552168815943728,0.7872263376527908,0.4019879170992974,1.4572061994849532,4.957850977558001,4.103626653721994,2.2611820336835478
1641731,Bilal Coulibaly,Bilal,1610612764,WAS,20.0,59,13,46,0.22,1947.5066666666667,263,624,0.421,63,224,0.281,138,185,0.746,91,203,294,199,125,78,41,46,139,143,727,-587,1610.3,3,1,1521.0,218,382,533,513,99,151,122,387,215,174,408,96,90,330,81,145,129,102,73,52,79,493,460,100,144,568,129,134,20,133,1,0.22,0.515,0.175,0.07,0.421,-13.8,0.15,0.07,0.358974358974359,1.1650641025641026,1.441843588040777,0.7578921424316905,1.6821508527142397,3.7524903637471505,2.6433799114080907,2.310646775706373
1626171,Bobby Portis,Bobby,1610612749,MIL,30.0,49,30,19,0.612,1243.68,277,595,0.466,65,178,0.365,61,73,0.836,90,321,411,104,57,35,26,31,94,72,680,95,1455.2,11,0,1382.0,293,196,226,150,225,137,135,224,209,218,190,221,239,129,83,55,61,221,225,252,158,422,325,224,162,113,159,55,44,164,1,0.612,0.542,0.234,0.131,0.466,3.4,0.126,0.156,0.2991596638655462,1.1428571428571428,1.0131223465843302,0.7526051717483597,2.6051717483597066,9.291779235816287,2.084137398687765,1.6499421072944809
203992,Bogdan Bogdanović,Bogdan,1610612746,LAC,32.0,54,33,21,0.611,1347.6583333333333,210,492,0.427,105,289,0.363,58,66,0.879,24,135,159,146,74,41,11,12,127,73,583,106,1074.8,1,0,1097.0,258,166,253,153,207,197,185,366,124,131,198,232,259,70,339,257,282,150,174,209,311,241,434,221,196,108,232,198,44,217,2,0.611,0.559,0.183,0.074,0.427,2.7,0.152,0.057,0.5873983739837398,1.184959349593496,1.0952330894947409,0.29384302401078416,0.6411120523871654,3.6062552946778053,1.9500491593442948,1.9767621615270934
203078,Bradley Beal,Bradley,1610612756,PHX,32.0,53,22,31,0.415,1702.1916666666666,345,694,0.497,102,264,0.386,110,137,0.803,34,143,177,195,99,58,28,21,136,115,902,-273,1565.9,1,0,1548.0,263,274,395,377,146,99,102,138,135,147,119,125,135,210,280,248,257,104,109,127,144,337,449,144,101,537,138,198,44,127,1,0.415,0.598,0.219,0.093,0.497,-8.0,0.177,0.054,0.3804034582132565,1.2997118155619596,1.2266538727033285,0.5921777316498827,0.719072959860572,3.024336272354758,2.432158540704876,2.093771265476371
1641764,Brandin Podziemski,Brandin,1610612744,GSW,22.0,64,38,26,0.594,1716.3483333333334,280,629,0.445,115,309,0.372,72,95,0.758,65,260,325,220,75,69,13,26,95,123,747,261,1638.0,2,0,1571.0,170,110,315,182,143,132,120,292,102,116,166,192,190,298,138,96,102,89,171,83,281,386,328,127,140,55,120,159,44,123,1,0.594,0.557,0.177,0.114,0.445,6.6,0.194,0.089,0.4912559618441971,1.1875993640699523,1.447258666412898,0.2726719226575025,1.3633596132875125,5.45343845315005,2.5798958836056007,1.5731072461009759
1629634,Brandon Clarke,Brandon,1610612763,MEM,28.0,64,40,24,0.625,1206.8616666666667,236,380,0.621,1,17,0.059,61,87,0.701,127,199,326,66,41,52,36,22,145,79,534,181,1247.2,2,0,1103.0,170,89,291,127,235,179,237,32,479,443,497,221,207,392,45,153,101,298,280,152,104,349,469,207,218,77,200,159,44,216,1,0.625,0.638,0.15,0.108,0.621,8.2,0.072,0.126,0.04473684210526316,1.4052631578947368,1.5511305493449261,1.073859611084949,3.7883380724385702,5.936057294608467,2.356525257658638,1.2230067792911918
1641729,Brice Sensabaugh,Brice,1610612762,UTA,21.0,71,14,57,0.197,1431.9216666666666,275,599,0.459,157,372,0.422,65,73,0.89,42,168,210,110,107,46,8,27,111,54,772,-285,1244.0,0,0,1357.0,108,364,564,524,187,141,131,245,53,71,42,214,239,53,237,204,220,210,94,185,361,395,385,278,132,543,202,281,44,170,1,0.197,0.612,0.208,0.087,0.459,-9.6,0.117,0.069,0.6210350584307178,1.2888146911519198,1.1564878432595824,0.2011283205668839,1.0559236829761405,4.223694731904562,1.3576161638264663,2.6900912875820726
201572,Brook Lopez,Brook,1610612749,MIL,37.0,80,47,33,0.588,2546.07,394,774,0.509,139,373,0.373,114,138,0.826,113,288,401,143,84,50,148,20,171,135,1041,134,2246.7,4,0,2120.0,16,36,428,191,26,72,89,107,73,70,162,118,133,150,56,77,65,157,143,161,2,329,525,111,80,97,64,116,44,68,1,0.588,0.624,0.157,0.087,0.509,2.2,0.078,0.078,0.4819121447028424,1.3449612403100775,0.7069719214318537,2.092636887438287,1.5977565424359894,4.072158267447477,1.908824187866005,1.1877128280055145
1642267,Bub Carrington,Bub,1610612764,WAS,19.0,82,18,64,0.22,2457.79,300,748,0.401,138,407,0.339,69,85,0.812,33,308,341,364,141,54,21,23,190,111,807,-798,1846.2,5,0,1800.0,1,312,569,514,28,117,94,444,76,55,281,201,213,192,286,66,94,33,56,143,194,356,548,150,123,569,102,106,44,96,1,0.22,0.514,0.154,0.071,0.401,-15.2,0.213,0.064,0.5441176470588235,1.0788770053475936,0.7909544753620121,0.307593407085227,0.48336106827678527,4.5113699705833294,1.625850866021914,2.0652700190008098
1627741,Buddy Hield,Buddy,1610612744,GSW,32.0,82,48,34,0.585,1862.9883333333332,328,786,0.417,203,549,0.37,53,64,0.828,51,213,264,134,91,69,23,31,132,46,912,141,1614.8,0,0,1697.0,1,30,441,195,115,103,86,402,19,18,174,248,263,146,192,133,156,168,122,83,173,422,445,303,99,96,127,281,44,110,1,0.585,0.56,0.196,0.085,0.417,2.2,0.106,0.066,0.6984732824427481,1.1603053435114503,1.3333416831202198,0.44444722770674,0.9855134179584235,4.115967804414592,0.88889445541348,1.7584651183179711
203468,CJ McCollum,CJ,1610612740,NOP,33.0,56,17,39,0.304,1831.6783333333333,444,1000,0.444,171,459,0.373,124,173,0.717,42,170,212,227,106,46,24,39,124,136,1183,-279,1881.9,0,0,1933.0,246,323,486,454,123,57,47,297,36,37,163,110,96,373,237,200,217,84,95,185,170,462,425,109,61,541,95,281,44,84,1,0.304,0.55,0.266,0.097,0.444,-7.1,0.192,0.056,0.459,1.183,0.9040888729553133,0.4716985424114678,0.8254724492200687,3.341198008747897,2.6729584069983177,2.083335228983983
1630595,Cade Cunningham,Cade,1610612765,DET,23.0,70,38,32,0.543,2451.9466666666667,684,1457,0.469,149,418,0.356,313,370,0.846,56,369,425,638,309,71,53,100,195,279,1830,175,3360.0,31,9,3290.0,118,110,413,236,29,5,4,212,61,50,219,15,19,115,166,33,56,5,3,73,52,568,550,23,9,78,9,18,5,8,1,0.543,0.565,0.323,0.152,0.469,2.8,0.409,0.086,0.2868908716540837,1.2560054907343858,1.0424370296254406,0.7781572192978641,0.82220385435246,5.417736111715317,4.096337060077435,4.536803410623396
1628997,Caleb Martin,Caleb,1610612742,DAL,29.0,45,17,28,0.378,1218.0166666666667,129,304,0.424,37,103,0.359,61,98,0.622,53,124,177,95,56,46,23,15,87,81,356,-155,861.9,1,0,803.0,318,323,349,405,233,290,272,374,268,278,212,221,183,474,179,270,257,241,228,185,173,284,309,205,284,498,279,198,44,284,2,0.378,0.513,0.143,0.063,0.424,-6.3,0.116,0.073,0.33881578947368424,1.1710526315789473,1.3595873072344387,0.6797936536172193,1.5664810279005488,3.6649744803710953,2.3940559105649895,1.6551497653288816
1629661,Cameron Johnson,Cameron,1610612751,BKN,29.0,57,21,36,0.368,1799.7633333333333,355,747,0.475,159,408,0.39,201,225,0.893,54,193,247,194,99,53,25,36,104,170,1070,-200,1792.4,2,0,1826.0,232,280,455,414,129,95,95,194,49,54,115,53,68,51,175,165,173,105,109,149,162,441,361,80,77,512,106,159,44,92,1,0.368,0.632,0.224,0.124,0.475,-5.8,0.179,0.07,0.5461847389558233,1.4323962516733602,1.0601393886974029,0.5000657493855674,1.0801420186728254,3.86050758525658,3.400447095821858,1.9802603675668466
1626166,Cameron Payne,Cameron,1610612752,NYK,30.0,72,46,26,0.639,1089.9766666666667,179,446,0.401,93,256,0.363,49,54,0.907,14,90,104,203,52,39,16,12,111,61,500,204,1042.3,0,0,1010.0,95,45,315,106,256,236,213,441,151,153,199,258,288,36,411,317,343,101,250,219,242,241,385,255,233,68,238,281,44,243,1,0.639,0.532,0.2,0.089,0.401,9.1,0.251,0.047,0.5739910313901345,1.1210762331838564,1.288100968522262,0.5284516793937485,0.4623952194695299,2.972540696589835,2.014722027688666,1.7174679580296828
1627747,Caris LeVert,Caris,1610612737,ATL,30.0,64,46,18,0.719,1596.1066666666666,280,599,0.467,106,284,0.373,110,155,0.71,41,162,203,215,76,57,33,27,99,109,776,258,1536.1,1,0,1480.0,170,45,211,66,161,132,131,220,123,134,160,125,110,386,242,217,228,93,167,135,115,395,346,154,129,56,146,198,44,141,2,0.719,0.582,0.191,0.094,0.467,7.2,0.178,0.062,0.4741235392320534,1.2954924874791318,1.285628362348381,0.7443111571490627,0.9247502255488356,3.653891135095399,2.4584823069469044,1.7141711497978416
1641717,Cason Wallace,Cason,1610612760,OKC,21.0,68,55,13,0.809,1876.26,232,489,0.474,74,208,0.356,30,37,0.811,71,158,229,173,59,120,35,32,145,42,568,369,1508.3,0,0,1354.0,138,11,157,30,111,182,189,197,194,191,222,322,335,193,124,225,192,120,218,6,107,430,469,317,203,22,150,281,44,172,1,0.809,0.562,0.124,0.075,0.474,10.1,0.117,0.057,0.42535787321063395,1.1615541922290389,2.3024527517508235,0.6715487192606568,1.3622845447859038,3.031562789805251,0.8058584631127882,1.1320392696108215
101108,Chris Paul,Chris,1610612759,SAS,40.0,82,34,48,0.415,2292.1633333333334,249,583,0.427,140,371,0.377,85,92,0.924,33,263,296,605,129,103,22,9,151,85,723,4,2231.7,12,0,2014.0,1,157,542,378,42,167,142,365,72,73,143,164,197,28,286,92,125,6,70,15,187,197,484,197,147,223,65,53,44,76,1,0.415,0.58,0.137,0.102,0.427,-0.8,0.342,0.062,0.6363636363636364,1.2401372212692967,1.6176857670119495,0.3455251152841057,0.5182876729261585,4.1305956963509,1.3349833999613174,2.026033630529529
1631128,Christian Braun,Christian,1610612743,DEN,24.0,79,48,31,0.608,2675.383333333333,476,821,0.58,89,224,0.397,177,214,0.827,98,312,410,205,81,85,37,62,170,143,1218,480,2302.5,6,0,2166.0,23,30,395,160,11,43,81,50,156,174,93,66,73,148,72,61,62,100,155,38,99,538,524,100,57,13,60,93,44,62,1,0.608,0.665,0.155,0.096,0.58,8.2,0.096,0.077,0.2728380024360536,1.4835566382460414,1.1437613301520655,0.4978725790073697,1.3186895335870874,4.198276882440522,1.9242102377852395,1.089937267556674
203991,Clint Capela,Clint,1610612737,ATL,31.0,55,27,28,0.491,1176.4333333333334,218,390,0.559,0,1,0.0,52,97,0.536,174,295,469,62,47,34,53,36,106,89,488,-79,1357.8,11,0,1193.0,253,232,349,297,239,191,235,62,499,525,499,251,187,501,22,72,41,313,265,259,52,441,371,192,236,429,176,55,44,199,1,0.491,0.564,0.16,0.117,0.559,-2.7,0.073,0.183,0.002564102564102564,1.2512820512820513,1.0404329470433231,1.6218513586263565,5.324568611339359,9.027285864052361,2.7234862437310516,1.4382455444422406
1629632,Coby White,Coby,1610612741,CHI,25.0,74,35,39,0.473,2450.2566666666667,508,1121,0.453,216,584,0.37,277,307,0.902,25,248,273,330,177,69,16,77,154,267,1509,-141,2409.6,2,0,2498.0,71,149,486,311,31,35,29,267,15,14,173,26,37,40,329,103,143,52,30,83,242,561,492,27,23,487,51,159,44,39,1,0.473,0.601,0.237,0.103,0.453,-2.5,0.197,0.053,0.5209634255129348,1.3461195361284568,1.013771346403166,0.23507741365870513,0.3673084588417268,3.64369991170993,3.9228543404296423,2.6005438885994256
1628998,Cody Martin,Cody,1610612756,PHX,29.0,53,16,37,0.302,1173.2066666666667,136,325,0.418,43,151,0.285,43,61,0.705,53,171,224,105,51,56,32,15,95,61,358,-105,997.3,0,0,906.0,263,340,465,455,240,279,263,399,258,239,405,281,270,389,179,195,196,220,254,136,124,284,328,255,282,457,251,281,44,260,2,0.302,0.509,0.142,0.08,0.418,-3.2,0.128,0.088,0.4646153846153846,1.1015384615384616,1.7183673237451769,0.981924184997244,1.6263119314016854,5.2471573635790225,1.8717929776509963,1.5649416698393577
1642262,Cody Williams,Cody,1610612762,UTA,20.0,50,9,41,0.18,1059.6116666666667,83,257,0.323,35,135,0.259,29,40,0.725,27,86,113,59,44,23,16,17,95,31,230,-339,527.1,0,0,515.0,283,434,512,534,260,345,303,524,274,255,430,324,323,355,313,323,333,322,273,329,242,299,328,349,341,553,339,281,44,334,1,0.18,0.419,0.122,0.021,0.323,-15.5,0.078,0.049,0.5252918287937743,0.8949416342412452,0.7814183498042522,0.5435953737768711,0.9173171932484699,2.921825134050682,1.0532160366926877,1.4948872778863953
1630175,Cole Anthony,Cole,1610612763,MEM,25.0,67,35,32,0.522,1234.1133333333332,230,543,0.424,77,218,0.353,93,113,0.823,46,158,204,191,103,45,32,14,151,105,630,-16,1289.3,0,0,1256.0,147,149,413,254,229,183,166,376,185,185,234,149,170,159,215,225,227,107,101,193,124,268,484,161,179,295,195,281,44,189,1,0.522,0.531,0.238,0.105,0.424,-1.2,0.253,0.08,0.4014732965009208,1.160220994475138,1.3126833300021068,0.9334637013348316,1.3418540706688202,4.608977025340731,3.062927770004916,3.004586288671489
1629012,Collin Sexton,Collin,1610612762,UTA,26.0,63,14,49,0.222,1757.76,416,867,0.48,110,271,0.406,217,251,0.865,60,111,171,264,160,47,6,75,144,219,1159,-286,1759.2,2,0,1810.0,185,364,548,509,135,62,68,178,114,143,67,49,54,88,155,293,266,71,43,178,383,555,468,54,62,544,108,159,44,93,1,0.222,0.593,0.264,0.106,0.48,-7.5,0.246,0.047,0.31257208765859285,1.33679354094579,0.962588749317313,0.12288367012561442,1.2288367012561443,2.273347897323867,4.485253959584926,3.276897870016384
1630557,Corey Kispert,Corey,1610612764,WAS,26.0,61,14,47,0.23,1601.5233333333333,255,565,0.451,120,330,0.364,75,88,0.852,36,145,181,103,64,26,14,34,98,60,705,-274,1132.7,0,0,1189.0,201,364,539,507,160,160,155,274,97,100,195,185,206,103,269,245,253,225,207,304,265,436,341,258,153,538,218,281,44,201,1,0.23,0.584,0.169,0.074,0.451,-8.5,0.094,0.053,0.584070796460177,1.247787610619469,0.5844435610262729,0.31470037901414694,0.8092295460363779,3.259396782646522,1.3487159100606299,1.4386303040646717
1626156,D'Angelo Russell,D'Angelo,1610612751,BKN,29.0,58,26,32,0.448,1480.4183333333333,249,638,0.39,113,360,0.314,121,145,0.834,20,142,162,297,108,56,23,14,115,139,732,0,1500.9,4,0,1462.0,223,240,413,348,181,167,118,468,108,79,353,114,122,130,364,249,276,63,91,136,173,268,402,104,143,236,152,116,44,146,2,0.448,0.522,0.228,0.098,0.39,-1.5,0.302,0.053,0.5642633228840125,1.1473354231974922,1.3617772453957273,0.5593013686446737,0.48634901621275967,3.4530780151105938,3.38012566267868,2.6262846875489028
1629610,DaQuan Jeffries,DaQuan,1610612766,CHA,27.0,47,9,38,0.191,1071.5066666666667,118,291,0.405,55,164,0.335,24,30,0.8,37,98,135,53,35,26,25,17,99,28,315,-276,674.5,0,0,660.0,298,434,475,529,257,301,281,432,234,227,292,348,362,213,261,309,303,338,313,304,162,299,346,363,305,539,311,281,44,314,1,0.191,0.518,0.136,0.046,0.405,-11.6,0.073,0.06,0.563573883161512,1.0824742268041236,0.8735363289075819,0.8399387777957519,1.2431093911377125,3.292560008959347,0.940731431131242,1.1759142889140524
1630625,Dalano Banton,Dalano,1610612757,POR,25.0,67,28,39,0.418,1119.945,198,507,0.391,72,222,0.324,91,125,0.728,30,105,135,160,86,43,34,35,58,92,559,-55,1106.0,0,0,1080.0,147,220,486,374,251,216,180,466,197,178,328,156,152,348,302,300,303,135,135,202,110,438,243,189,209,384,225,281,44,222,1,0.418,0.497,0.237,0.089,0.391,-1.5,0.213,0.056,0.4378698224852071,1.1025641025641026,1.3822107335628089,1.0929108125845466,0.9643330699275411,3.3751657447463943,2.957288081111126,2.7644214671256178
1642261,Dalton Knecht,Dalton,1610612747,LAL,24.0,78,47,31,0.603,1493.795,257,557,0.461,128,340,0.376,64,84,0.762,37,179,216,66,37,24,8,27,93,58,706,-73,1123.2,0,0,1180.0,35,36,395,165,179,157,158,235,87,91,145,216,216,288,261,187,210,298,303,320,361,395,323,264,152,422,220,281,44,204,1,0.603,0.594,0.181,0.087,0.461,-2.8,0.067,0.073,0.6104129263913824,1.267504488330341,0.5783926174608965,0.19279753915363218,0.8916886185855488,4.31384493856252,1.3977821588638335,0.8916886185855488
203081,Damian Lillard,Damian,1610612749,MIL,34.0,58,32,26,0.552,2092.87,444,992,0.448,197,524,0.376,362,393,0.921,29,243,272,410,162,70,10,43,97,299,1447,53,2466.4,14,2,2486.0,223,179,315,228,77,57,48,287,21,23,147,9,15,30,310,106,144,23,40,77,328,483,338,17,29,137,45,40,15,41,1,0.552,0.621,0.269,0.144,0.448,0.7,0.299,0.063,0.5282258064516129,1.4586693548387097,1.204088166011267,0.17201259514446668,0.4988365259189534,4.179906062010541,5.143176594819554,2.7866040413403605
1629655,Daniel Gafford,Daniel,1610612742,DAL,26.0,57,28,29,0.491,1226.095,283,403,0.702,0,0,0.0,135,196,0.689,155,233,388,80,66,23,102,30,152,155,701,35,1595.6,8,0,1419.0,232,220,362,295,231,129,231,8,499,542,499,97,85,410,30,114,71,271,201,329,10,416,489,92,154,164,131,77,44,152,1,0.491,0.716,0.186,0.141,0.702,1.5,0.097,0.149,0.0,1.739454094292804,0.675314718680037,2.9948739697984252,4.551033973713293,6.841231715323853,4.551033973713293,1.937859627516628
1629636,Darius Garland,Darius,1610612739,CLE,25.0,75,60,15,0.8,2300.77,554,1174,0.472,212,529,0.401,224,255,0.878,47,167,214,506,189,91,11,43,143,227,1544,499,2676.8,7,0,2680.0,59,5,179,32,39,25,22,207,18,21,77,44,51,72,205,206,214,9,24,28,311,483,467,47,22,12,31,87,44,26,1,0.8,0.6,0.265,0.126,0.472,9.9,0.309,0.045,0.4505962521294719,1.3151618398637137,1.4238711387926652,0.17211629150241006,0.7354059727830248,2.613038243718407,3.5518543791860986,2.9572708267232275
1630558,Davion Mitchell,Davion,1610612748,MIA,26.0,74,25,49,0.338,2027.3133333333333,223,476,0.468,84,211,0.398,58,84,0.69,35,132,167,363,128,72,16,24,185,132,588,-3,1468.9,1,0,1378.0,71,252,548,436,88,186,196,217,168,189,90,232,216,407,273,262,270,35,71,70,242,370,542,113,194,252,157,198,44,166,2,0.338,0.573,0.135,0.069,0.468,0.3,0.237,0.041,0.4432773109243697,1.2352941176470589,1.2785394134108525,0.2841198696468561,0.6215122148524979,2.343988924586563,2.343988924586563,2.2729589571748487
1628368,De'Aaron Fox,De'Aaron,1610612759,SAS,27.0,62,27,35,0.435,2241.1366666666668,539,1163,0.463,118,381,0.31,263,318,0.827,54,244,298,392,174,91,25,56,164,261,1459,-69,2578.6,9,0,2499.0,192,232,447,361,52,28,24,229,99,69,363,31,33,149,175,105,121,26,34,28,162,526,511,32,26,413,39,71,44,38,2,0.435,0.56,0.274,0.119,0.463,-1.2,0.262,0.064,0.3276010318142734,1.2545141874462598,1.461758244700234,0.4015819353572071,0.8674169803715674,3.9194396890863414,4.192515405129242,2.7950102700861614
1629631,De'Andre Hunter,De'Andre,1610612739,CLE,27.0,64,38,26,0.594,1740.015,358,762,0.47,157,388,0.405,215,254,0.846,44,214,258,92,82,50,13,39,155,211,1088,88,1642.6,2,0,1721.0,170,110,315,182,141,93,92,210,53,68,74,50,52,112,221,130,163,245,149,161,281,462,496,56,74,115,118,159,44,106,2,0.594,0.623,0.221,0.101,0.47,2.0,0.077,0.071,0.5091863517060368,1.4278215223097113,1.034473840742752,0.26896319859311557,0.9103369798536218,4.42754803837898,4.3654796079344145,1.6965370988181134
201942,DeMar DeRozan,DeMar,1610612758,SAC,35.0,77,38,39,0.494,2767.615,624,1308,0.477,84,256,0.328,378,441,0.857,50,248,298,342,105,62,32,57,150,316,1710,110,2757.6,3,0,2622.0,43,110,486,288,6,12,12,187,168,153,314,7,9,95,197,103,121,45,99,106,124,528,480,14,15,106,27,134,44,31,1,0.494,0.569,0.244,0.112,0.477,1.5,0.182,0.054,0.19571865443425077,1.3073394495412844,0.8064705531658125,0.41624286615009676,0.6503794783595263,3.22588221266325,4.110398303232206,1.365796904555005
1629731,Dean Wade,Dean,1610612739,CLE,28.0,59,47,12,0.797,1252.4516666666666,112,271,0.413,80,222,0.36,16,30,0.533,51,198,249,76,22,42,20,9,101,32,320,284,896.8,1,0,849.0,218,36,146,37,222,315,294,410,177,178,209,396,362,502,192,154,172,281,371,206,204,197,351,347,304,47,269,198,44,274,1,0.797,0.563,0.101,0.067,0.413,10.7,0.073,0.097,0.8191881918819188,1.1808118081180812,1.2072322152152246,0.5748724834358212,1.465924832761344,5.691237586014631,0.919795973497314,0.6323597317794034
1629028,Deandre Ayton,Deandre,1610612757,POR,26.0,40,17,23,0.425,1205.62,265,468,0.566,6,32,0.188,40,60,0.667,124,282,406,64,69,31,39,15,88,59,576,-162,1300.2,20,0,1192.0,342,323,283,368,236,148,200,59,422,399,481,291,274,438,49,80,64,308,192,278,88,284,312,262,199,502,191,32,44,200,1,0.425,0.583,0.197,0.125,0.566,-6.9,0.083,0.168,0.06837606837606838,1.2307692307692308,0.9256648031718121,1.1645460427000216,3.7026592126872484,8.420563693369388,1.7617491415205455,2.060350690930808
1627749,Dejounte Murray,Dejounte,1610612740,NOP,28.0,31,9,22,0.29,1012.1483333333333,194,494,0.393,52,174,0.299,102,124,0.823,17,183,200,228,106,63,12,20,61,82,542,-207,1243.0,8,1,1172.0,402,434,274,462,268,222,183,457,238,221,382,135,154,160,394,177,230,82,95,104,295,329,249,203,213,515,203,77,20,206,1,0.29,0.494,0.263,0.118,0.393,-9.1,0.347,0.094,0.3522267206477733,1.097165991902834,2.240778278546129,0.4268149101992626,0.6046544561156221,6.508927380538756,2.916568553028295,3.77019837342682
1630166,Deni Avdija,Deni,1610612757,POR,24.0,72,33,39,0.458,2161.1483333333335,402,844,0.476,125,342,0.365,290,372,0.78,110,412,522,281,196,71,35,65,171,295,1219,-78,2388.9,17,2,2359.0,95,166,486,329,66,70,73,190,93,89,187,21,18,251,61,23,29,68,19,73,107,543,525,18,56,428,53,34,15,49,1,0.458,0.605,0.228,0.126,0.476,-0.9,0.193,0.117,0.4052132701421801,1.4443127962085307,1.1827045652427064,0.5830233772323201,1.8323591855872918,6.863018040563311,4.914054179529555,3.2649309125009927
203471,Dennis Schröder,Dennis,1610612765,DET,31.0,75,37,38,0.493,2104.778333333333,336,827,0.406,127,371,0.342,181,216,0.838,27,171,198,404,142,66,12,57,180,211,980,-72,1915.6,7,0,1865.0,59,124,475,290,76,102,79,425,88,73,271,65,71,122,313,195,232,24,55,95,295,528,534,56,89,420,91,87,44,88,3,0.493,0.531,0.211,0.091,0.406,-0.9,0.287,0.046,0.4486094316807739,1.185006045949214,1.1288599670432438,0.20524726673513524,0.46180635015405425,2.924773550975677,3.608931106759461,2.4287593230324336
1627884,Derrick Jones Jr.,Derrick,1610612746,LAC,28.0,77,48,29,0.623,1873.3883333333333,310,589,0.526,78,219,0.356,83,118,0.703,93,170,263,60,66,79,33,25,153,102,781,249,1456.6,0,0,1406.0,43,30,362,132,112,111,140,86,182,183,221,169,161,391,77,200,157,314,201,48,115,380,491,167,126,59,158,281,44,156,1,0.623,0.609,0.16,0.076,0.526,6.7,0.044,0.072,0.37181663837011886,1.3259762308998302,1.5181048954968406,0.6341450829290598,1.7871361428000778,3.2668080029678843,1.9600848017807306,1.2682901658581196
1628401,Derrick White,Derrick,1610612738,BOS,30.0,76,58,18,0.763,2573.615,424,959,0.442,265,691,0.384,135,161,0.839,67,274,341,361,131,72,80,23,138,164,1248,540,2523.7,4,0,2519.0,51,7,211,53,20,60,51,305,4,5,124,97,107,121,133,83,94,37,69,70,21,356,456,86,53,6,42,116,44,35,1,0.763,0.606,0.195,0.106,0.442,10.2,0.199,0.064,0.7205422314911366,1.3013555787278415,1.0071436481369591,1.1190484979299546,0.937203117016337,3.8327411054100944,2.2940494207564073,1.8324419153603007
1630217,Desmond Bane,Desmond,1610612753,ORL,27.0,69,38,31,0.551,2205.225,493,1018,0.484,164,418,0.392,177,198,0.894,62,356,418,369,169,80,28,76,164,137,1327,143,2537.1,10,1,2494.0,129,110,395,230,59,38,44,166,43,50,110,66,82,50,145,42,57,32,36,46,144,559,511,107,46,95,41,62,20,40,1,0.551,0.6,0.227,0.131,0.484,2.8,0.235,0.088,0.4106090373280943,1.3035363457760314,1.3059891847770635,0.45709621467197226,1.0121416182022243,5.811651872257934,2.236506478930721,2.758902152841547
1626164,Devin Booker,Devin,1610612756,PHX,28.0,75,35,40,0.467,2794.9666666666667,654,1420,0.461,183,551,0.332,432,483,0.894,76,229,305,529,220,67,16,62,198,404,1923,-177,3111.5,16,0,3106.0,59,149,503,319,4,7,6,239,26,17,307,5,6,49,110,115,119,8,8,92,242,538,552,7,6,507,14,35,44,11,1,0.467,0.589,0.285,0.122,0.461,-3.2,0.301,0.055,0.3880281690140845,1.3542253521126761,0.8629798804994693,0.2060847475819628,0.9789025510143234,2.9495879497668427,5.203639876444561,2.833665279251989
1630170,Devin Vassell,Devin,1610612759,SAS,24.0,64,24,40,0.375,1983.185,394,889,0.443,158,429,0.368,95,120,0.792,34,221,255,183,88,84,33,29,108,98,1041,-262,1884.5,2,0,1871.0,170,261,503,407,93,72,65,302,51,46,177,145,160,232,280,121,167,112,128,39,115,408,375,173,80,535,94,159,44,87,1,0.375,0.553,0.217,0.092,0.443,-6.2,0.139,0.062,0.48256467941507314,1.170978627671541,1.524819923506884,0.5990363985205617,0.6171890166575483,4.011728608274064,1.7789565774246983,1.597430396054831
1628415,Dillon Brooks,Dillon,1610612745,HOU,29.0,75,49,26,0.653,2388.2616666666668,384,895,0.429,186,469,0.397,99,121,0.818,75,200,275,128,76,60,16,36,242,109,1053,207,1727.0,0,0,1794.0,59,25,315,98,37,78,63,354,25,31,97,140,158,169,115,150,142,177,167,119,242,441,566,154,78,67,111,281,44,99,1,0.653,0.555,0.176,0.067,0.429,4.7,0.076,0.054,0.524022346368715,1.176536312849162,0.9044235102658349,0.24117960273755595,1.1305293878322935,3.01474503421945,1.6430360436495999,1.1456031130033908
1627734,Domantas Sabonis,Domantas,1610612758,SAC,29.0,70,36,34,0.514,2428.8766666666666,527,893,0.59,65,156,0.417,218,289,0.754,267,705,972,423,202,48,26,59,229,277,1337,144,3157.9,61,10,2945.0,118,136,441,259,33,33,64,45,209,233,47,47,42,302,3,3,2,20,15,171,158,531,564,25,42,94,13,1,3,14,1,0.514,0.655,0.213,0.164,0.59,2.6,0.251,0.199,0.17469204927211646,1.4972004479283314,0.7114399935223829,0.385363329824624,3.9573849639682543,10.449274904859998,4.105601629285418,2.9939766394066942
1642270,Donovan Clingan,Donovan,1610612757,POR,21.0,67,29,38,0.433,1323.6433333333334,180,334,0.539,14,49,0.286,62,104,0.596,217,310,527,77,72,34,110,23,189,98,436,-2,1543.9,8,0,1342.0,147,212,475,362,211,233,260,73,369,362,396,219,178,488,10,64,28,277,181,259,7,356,545,173,257,246,145,77,44,176,1,0.433,0.574,0.135,0.105,0.539,0.2,0.081,0.179,0.1467065868263473,1.3053892215568863,0.924720405547315,2.991742488535431,5.901892000110804,8.431274285872577,2.6653705806952024,1.958231447041373
1628378,Donovan Mitchell,Donovan,1610612739,CLE,28.0,71,55,16,0.775,2232.0333333333333,585,1320,0.443,233,633,0.368,298,362,0.823,57,265,322,354,149,95,17,50,140,278,1701,522,2805.4,6,0,2834.0,108,11,189,49,54,19,10,303,12,10,180,19,22,158,165,90,105,39,50,23,225,506,462,24,17,8,25,93,44,18,1,0.775,0.575,0.298,0.137,0.443,10.5,0.238,0.069,0.47954545454545455,1.2886363636363636,1.5322351816729143,0.2741894535625215,0.9193411090037484,4.274129717298129,4.483804005316528,2.4031899165185706
1628978,Donte DiVincenzo,Donte,1610612750,MIN,28.0,62,37,25,0.597,1605.7333333333333,250,593,0.422,174,438,0.397,49,63,0.778,32,196,228,225,99,73,17,22,114,86,723,174,1505.1,1,0,1530.0,192,124,300,178,158,166,137,386,34,42,94,258,267,252,290,157,194,86,109,66,225,349,396,195,147,80,151,198,44,132,1,0.597,0.582,0.188,0.1,0.422,5.1,0.203,0.068,0.7386172006745363,1.2192242833052276,1.6366353898530266,0.38113426886988294,0.7174292119903679,4.394253923441004,1.9280910072241135,2.2195466245952002
1627827,Dorian Finney-Smith,Dorian,1610612747,LAL,32.0,63,36,27,0.571,1818.6783333333333,195,435,0.448,129,314,0.411,30,45,0.667,80,167,247,90,56,58,23,24,136,42,549,309,1167.4,0,0,1177.0,185,136,334,210,124,220,216,281,85,108,57,322,308,438,104,206,173,249,228,127,173,370,449,317,211,38,217,281,44,205,2,0.571,0.604,0.123,0.06,0.448,8.8,0.066,0.069,0.7218390804597701,1.2620689655172415,1.148086476717983,0.4552756718019587,1.5835675540937695,3.305697269170744,0.831372965899229,1.1084972878656387
203110,Draymond Green,Draymond,1610612744,GSW,35.0,68,42,26,0.618,1983.3066666666666,216,509,0.424,80,246,0.325,101,147,0.687,74,340,414,383,174,99,70,21,219,176,613,275,2017.3,6,1,1828.0,138,81,315,143,92,192,178,372,177,162,325,136,121,412,117,48,60,27,34,17,34,337,562,73,183,48,79,93,20,91,1,0.618,0.534,0.157,0.088,0.424,6.6,0.255,0.102,0.48330058939096265,1.2043222003929273,1.7969989512464035,1.2706053190631135,1.3432113372952914,6.171511549735122,3.194664802215828,3.1583617930997394
1629130,Duncan Robinson,Duncan,1610612748,MIA,31.0,74,30,44,0.405,1785.595,290,663,0.437,190,483,0.393,47,53,0.887,18,149,167,176,86,40,6,29,135,61,817,66,1333.4,0,0,1442.0,71,196,524,387,130,121,112,321,24,26,107,266,289,57,381,238,270,117,135,214,383,408,448,255,120,127,182,281,44,149,1,0.405,0.595,0.187,0.078,0.437,0.2,0.148,0.047,0.7285067873303167,1.2322775263951735,0.8064538711185908,0.12096808066778861,0.36290424200336585,3.0040406699167503,1.2298421534558508,1.73387582290497
1630700,Dyson Daniels,Dyson,1610612737,ATL,22.0,76,37,39,0.487,2571.17,455,923,0.493,80,235,0.34,83,140,0.593,124,325,449,333,155,229,55,45,175,131,1073,-65,2808.3,9,0,2503.0,51,124,486,301,21,53,57,148,177,168,276,169,130,491,49,53,49,49,46,1,48,489,530,114,76,401,24,71,44,37,1,0.487,0.545,0.178,0.099,0.493,-0.9,0.174,0.085,0.25460455037919827,1.162513542795233,3.2063224135315824,0.7700774355643539,1.7361745819996344,4.550457573789364,1.8341844374350975,2.170218227499543
1630596,Evan Mobley,Evan,1610612739,CLE,24.0,71,58,13,0.817,2166.555,505,906,0.557,85,230,0.37,221,305,0.725,164,495,659,226,145,61,113,51,141,239,1316,546,2822.8,37,0,2634.0,108,7,157,24,63,36,62,64,165,171,175,45,38,358,26,14,15,85,53,111,5,511,464,44,47,5,23,13,44,29,1,0.817,0.633,0.226,0.151,0.557,11.9,0.149,0.147,0.25386313465783666,1.4525386313465785,1.013590700443792,1.8776352319696479,2.725063522504622,8.22503929048651,3.9712815968207598,2.409354943677867
1630532,Franz Wagner,Franz,1610612753,ORL,23.0,60,33,27,0.55,2023.3066666666666,537,1161,0.463,104,352,0.295,271,311,0.871,56,286,342,284,138,75,21,75,147,252,1449,247,2435.4,3,0,2371.0,206,166,334,231,89,29,25,232,129,85,388,29,34,82,166,78,93,66,59,58,194,555,475,36,28,60,49,134,44,48,1,0.55,0.558,0.306,0.153,0.463,6.0,0.247,0.085,0.3031869078380706,1.248062015503876,1.3344492184410996,0.3736457811635079,0.9963887497693545,5.088699686322061,4.483749373962095,2.4553865619316237
1627832,Fred VanVleet,Fred,1610612745,HOU,31.0,60,41,19,0.683,2111.298333333333,287,759,0.378,159,461,0.345,111,137,0.81,32,189,221,333,87,94,25,22,140,116,844,264,1878.7,4,0,1795.0,206,83,226,78,74,123,93,482,49,35,257,121,135,195,290,169,200,49,132,24,162,349,462,142,108,53,96,116,44,98,1,0.683,0.515,0.176,0.093,0.378,6.2,0.217,0.049,0.6073781291172595,1.1119894598155469,1.6028052249050546,0.426277985347089,0.5456358212442739,3.222661569223993,1.9779298520104929,1.4834473890078697
1629216,Gabe Vincent,Gabe,1610612747,LAL,29.0,72,46,26,0.639,1527.265,168,420,0.4,109,309,0.353,15,21,0.714,20,72,92,98,41,51,13,12,152,45,460,48,868.4,0,0,887.0,95,45,315,106,171,248,223,445,117,116,239,403,398,374,364,345,356,229,280,159,281,241,489,305,243,141,277,281,44,263,1,0.639,0.536,0.131,0.039,0.4,1.1,0.09,0.029,0.7357142857142858,1.0952380952380953,1.2021489394440388,0.30643012181906876,0.4714309566447211,1.697151443920996,1.0607196524506224,0.9664334611216783
1629018,Gary Trent Jr.,Gary,1610612749,MIL,26.0,74,44,30,0.595,1893.395,283,657,0.431,180,433,0.416,78,92,0.848,20,148,168,87,42,72,4,11,124,71,824,70,1342.1,0,0,1411.0,71,62,383,181,106,129,113,342,27,45,50,183,197,110,364,241,269,251,277,70,414,224,425,228,116,124,178,281,44,154,1,0.595,0.591,0.168,0.07,0.431,1.9,0.064,0.044,0.6590563165905632,1.2541856925418569,1.3689694965921004,0.07605386092178336,0.38026930460891684,2.8139928541059844,1.3499560313616545,0.7985655396787252
1627777,Georges Niang,Georges,1610612737,ATL,32.0,79,55,24,0.696,1697.2333333333333,286,620,0.461,166,409,0.406,46,58,0.793,47,225,272,111,82,28,14,21,201,58,784,194,1320.9,1,0,1417.0,23,11,291,74,147,126,125,236,40,53,69,271,277,230,205,118,144,206,149,292,265,337,554,264,125,74,184,198,44,153,2,0.696,0.607,0.177,0.071,0.461,4.7,0.087,0.077,0.6596774193548387,1.264516129032258,0.593907732191606,0.296953866095803,0.9969165504644814,4.772472847968261,1.230237445254041,1.7393012157039889
203507,Giannis Antetokounmpo,Giannis,1610612749,MIL,30.0,67,40,27,0.597,2288.63,793,1319,0.601,14,63,0.222,436,707,0.617,147,651,798,433,206,58,78,76,155,507,2036,334,3845.1,55,11,3553.0,147,89,334,177,44,2,11,39,369,335,463,4,1,477,34,5,6,16,12,127,23,559,496,1,4,28,3,5,2,4,1,0.597,0.625,0.346,0.21,0.601,7.2,0.339,0.172,0.047763457164518575,1.5435936315390448,0.9123362011334292,1.2269348911794393,2.3123003718381736,10.240187360997627,7.975076792666354,3.2403665074739036
1629048,Goga Bitadze,Goga,1610612753,ORL,25.0,70,38,32,0.543,1429.4616666666666,207,339,0.611,3,28,0.107,85,133,0.639,167,296,463,137,72,49,98,23,150,120,502,80,1632.1,15,0,1399.0,118,110,413,236,188,200,257,34,449,411,495,164,141,461,24,69,43,161,181,168,14,356,480,133,231,122,124,37,44,157,1,0.543,0.631,0.142,0.134,0.611,2.7,0.142,0.169,0.08259587020648967,1.480825958702065,1.2340309930195168,2.4680619860390336,4.205779098658353,7.454554570077081,3.0221167175988164,1.81327003055929
1641711,Gradey Dick,Gradey,1610612761,TOR,21.0,54,15,39,0.278,1587.3733333333332,265,647,0.41,114,326,0.35,133,155,0.858,44,149,193,98,83,48,10,36,120,127,777,-210,1246.6,0,0,1298.0,258,349,486,470,164,148,116,417,105,102,246,100,110,94,221,238,238,229,145,171,328,441,415,123,128,516,201,281,44,183,1,0.278,0.543,0.209,0.071,0.41,-5.8,0.087,0.059,0.5038639876352395,1.2009273570324575,1.0885907956960346,0.22678974910334054,0.9978748960546984,3.379167261639774,2.8802298136124245,1.8823549175577265
1628960,Grayson Allen,Grayson,1610612756,PHX,29.0,64,29,35,0.453,1543.705,219,489,0.448,149,350,0.426,93,114,0.816,34,160,194,137,75,54,19,18,95,106,680,-79,1262.3,1,0,1306.0,170,212,447,344,168,190,189,285,61,86,38,149,168,178,280,221,237,161,171,143,210,312,328,158,162,429,198,198,44,182,1,0.453,0.631,0.169,0.084,0.448,-3.3,0.125,0.064,0.7157464212678937,1.3905930470347647,1.259307963632948,0.4430898390560373,0.7928976067318562,3.7312828552087347,2.471974891575787,1.7490388383790945
1627824,Guerschon Yabusele,Guerschon,1610612755,PHI,29.0,70,23,47,0.329,1894.7366666666667,282,563,0.501,104,274,0.38,100,138,0.725,134,261,395,148,87,58,24,31,164,131,768,-118,1623.0,3,0,1579.0,118,265,539,443,105,131,156,123,129,139,137,139,133,357,38,94,70,147,132,127,170,422,511,114,134,463,125,134,44,122,1,0.329,0.616,0.163,0.092,0.501,-3.2,0.114,0.108,0.4866785079928952,1.3641207815275311,1.1020001020370465,0.4560000422222261,2.5460002357407627,4.959000459166709,2.489000230462984,1.6530001530555698
203084,Harrison Barnes,Harrison,1610612759,SAS,33.0,82,34,48,0.415,2230.0633333333335,347,683,0.508,156,360,0.433,161,199,0.809,97,213,310,136,50,39,14,28,75,147,1011,-25,1696.0,1,0,1719.0,1,157,542,378,55,98,105,111,55,79,28,75,80,201,73,133,115,164,257,219,265,402,282,97,83,329,112,198,44,107,1,0.415,0.656,0.157,0.092,0.508,-1.2,0.085,0.067,0.527086383601757,1.4802342606149341,0.629578532149311,0.2260025500023168,1.565874810730338,3.4384673678923914,2.373026775024327,0.8071519642939886
1629312,Haywood Highsmith,Haywood,1610612748,MIA,28.0,74,35,39,0.473,1818.3266666666666,179,391,0.458,89,233,0.382,31,43,0.721,72,180,252,112,54,68,37,15,164,47,478,61,1209.4,0,0,1141.0,71,149,486,311,125,236,234,253,156,169,131,318,315,365,119,183,169,204,236,89,99,284,511,299,238,131,210,281,44,211,1,0.473,0.583,0.111,0.057,0.458,1.4,0.084,0.069,0.5959079283887468,1.2225063938618925,1.346292745344621,0.7325416408492791,1.4254864362472457,3.5637160906181142,0.9305258681058409,1.0691148271854343
1630171,Isaac Okoro,Isaac,1610612739,CLE,24.0,55,44,11,0.8,1053.2033333333334,124,267,0.464,56,151,0.371,33,46,0.717,49,81,130,68,23,32,16,19,104,44,337,253,716.0,0,0,687.0,253,62,128,32,261,295,300,227,231,239,171,306,304,371,200,335,308,295,365,274,242,320,361,309,295,57,307,281,44,304,1,0.8,0.587,0.124,0.057,0.464,12.5,0.078,0.06,0.5655430711610487,1.2621722846441947,1.0938058811055795,0.5469029405527898,1.6748902554429186,2.768696136548498,1.5039830865201718,0.7861729770446352
1642268,Isaiah Collier,Isaiah,1610612762,UTA,20.0,71,14,57,0.197,1839.1066666666666,234,555,0.422,42,169,0.249,105,154,0.682,32,203,235,446,208,66,16,55,149,135,615,-403,1604.0,11,0,1502.0,108,364,564,524,119,181,160,385,260,225,445,132,112,421,290,145,188,15,10,95,242,523,476,111,182,560,130,55,44,135,1,0.197,0.494,0.186,0.077,0.422,-10.4,0.342,0.061,0.3045045045045045,1.1081081081081081,1.291931589974843,0.31319553696359825,0.6263910739271965,3.973668375225653,2.642587343130361,4.071541980526778
1628392,Isaiah Hartenstein,Isaiah,1610612760,OKC,27.0,57,49,8,0.86,1589.6416666666667,279,480,0.581,0,19,0.0,79,117,0.675,163,448,611,219,96,47,62,31,171,94,637,417,1929.7,28,0,1685.0,232,25,104,16,163,135,194,48,499,436,499,177,164,430,27,17,18,91,118,178,42,422,525,184,177,16,90,22,44,114,1,0.86,0.599,0.165,0.138,0.581,13.0,0.178,0.185,0.03958333333333333,1.3270833333333334,1.0643908218309157,1.404090020287591,3.691397956562538,10.145682727239368,2.1287816436618314,2.1740748701227215
1630198,Isaiah Joe,Isaiah,1610612760,OKC,25.0,74,63,11,0.851,1603.9766666666667,259,588,0.44,192,466,0.412,46,56,0.821,41,155,196,119,38,48,9,19,113,102,756,550,1302.7,0,0,1377.0,71,2,128,17,159,154,141,308,23,32,54,271,283,163,242,230,235,193,300,171,346,320,392,167,136,3,190,281,44,167,1,0.851,0.617,0.166,0.089,0.44,15.8,0.096,0.058,0.7925170068027211,1.2857142857142858,1.0773224049393904,0.20199795092613565,0.9202128875523957,3.4788535992834477,2.2893101104962046,0.8528802372436839
1630191,Isaiah Stewart,Isaiah,1610612765,DET,24.0,72,38,34,0.528,1433.8483333333334,176,315,0.559,17,53,0.321,66,87,0.759,130,269,399,123,68,28,101,12,183,93,435,9,1417.3,2,0,1232.0,95,110,441,250,186,240,267,63,350,352,339,212,207,297,42,86,66,187,197,292,11,241,540,187,259,206,164,159,44,193,1,0.528,0.616,0.121,0.096,0.559,0.5,0.12,0.129,0.16825396825396827,1.380952380952381,0.7030032232604797,2.5358330553324446,3.2639435365665124,6.753852394895322,2.334974991543736,1.707293542204022
1627826,Ivica Zubac,Ivica,1610612746,LAC,28.0,80,50,30,0.625,2624.1766666666667,592,942,0.628,0,0,0.0,156,236,0.661,300,710,1010,214,127,55,90,58,168,242,1340,514,3181.0,59,1,2854.0,16,23,383,127,13,15,54,30,499,542,499,82,62,450,1,1,1,95,72,141,17,530,523,43,41,9,12,2,20,17,1,0.625,0.641,0.192,0.157,0.628,9.4,0.121,0.199,0.0,1.4225053078556262,0.7545223708261511,1.2346729704427928,4.115576568142643,9.740197877937588,3.3198984316350653,1.7422607471803853
1629630,Ja Morant,Ja,1610612763,MEM,25.0,50,30,20,0.6,1519.11,404,889,0.454,88,285,0.309,263,319,0.824,34,171,205,364,185,61,12,51,113,249,1159,226,1985.0,13,1,1962.0,283,196,242,168,176,68,65,263,158,133,364,31,32,154,280,195,225,33,25,111,295,511,392,37,62,63,82,46,20,82,1,0.6,0.563,0.312,0.141,0.454,6.8,0.355,0.062,0.3205849268841395,1.3037120359955006,1.4455832691510162,0.28437703655429825,0.8057349369038451,4.05237277089875,5.900823508501689,4.384145980212098
1642266,Ja'Kobe Walter,Ja'Kobe,1610612761,TOR,20.0,52,19,33,0.365,1103.235,159,393,0.405,65,186,0.349,66,83,0.795,59,101,160,81,50,43,10,39,95,72,449,-83,871.5,1,0,861.0,267,302,428,418,253,262,233,435,209,209,248,212,221,228,159,305,280,268,257,202,328,462,328,224,249,432,275,198,44,268,1,0.365,0.523,0.179,0.068,0.405,-2.4,0.105,0.07,0.4732824427480916,1.1424936386768447,1.4031462018518268,0.32631307019809924,1.9252471141687855,3.2957620090008026,2.3494541054263145,1.6315653509904962
1631095,Jabari Smith Jr.,Jabari,1610612745,HOU,22.0,57,40,17,0.702,1715.5783333333334,248,566,0.438,98,277,0.354,104,126,0.825,105,294,399,60,61,25,41,30,123,120,698,250,1403.8,8,0,1387.0,232,89,202,71,144,169,154,318,141,138,232,133,149,151,66,73,66,314,212,315,79,416,422,133,155,58,168,77,44,162,1,0.702,0.562,0.16,0.093,0.438,7.3,0.048,0.107,0.48939929328621906,1.2332155477031803,0.5246044336846564,0.8603512712428365,2.203338621475557,6.169348140131559,2.518101281686351,1.2800348181905614
1630183,Jaden McDaniels,Jaden,1610612750,MIN,24.0,82,49,33,0.598,2614.41,398,834,0.477,100,303,0.33,104,128,0.813,129,341,470,163,95,110,74,41,225,136,1000,172,2265.5,10,0,2101.0,1,25,428,173,15,71,76,185,139,123,310,133,144,186,43,46,40,131,119,11,27,477,563,109,86,82,62,62,44,70,1,0.598,0.562,0.16,0.086,0.477,4.0,0.091,0.087,0.36330935251798563,1.1990407673860912,1.514682088884299,1.018967950703983,1.7763089951461324,4.695514475541327,1.8726978553478606,1.3081345313091672
1631170,Jaime Jaquez Jr.,Jaime,1610612748,MIA,24.0,66,32,34,0.485,1368.38,213,462,0.461,37,119,0.311,107,142,0.754,84,206,290,166,98,61,14,60,81,99,570,-152,1294.0,3,1,1213.0,156,179,441,303,200,196,206,237,268,266,359,128,128,306,97,139,131,125,114,111,265,534,295,170,202,495,193,134,20,195,1,0.485,0.543,0.194,0.098,0.461,-6.0,0.181,0.103,0.25757575757575757,1.2337662337662338,1.6048173752904895,0.36831874186994834,2.20991245121969,5.419547201800668,2.6045396746517775,2.5782311930896387
1631222,Jake LaRavia,Jake,1610612758,SAC,23.0,66,40,26,0.606,1349.28,160,337,0.475,60,142,0.423,78,115,0.678,90,169,259,158,86,62,23,26,132,91,458,126,1174.8,2,0,1105.0,156,89,315,163,206,260,258,195,222,247,41,183,167,429,83,202,160,137,135,106,173,386,445,190,244,100,216,159,44,215,2,0.606,0.591,0.14,0.081,0.475,3.8,0.15,0.091,0.42136498516320475,1.3590504451038576,1.6542155816435433,0.6136606189967982,2.40128068303095,4.509071504802561,2.427961579509071,2.294557097118463
1627751,Jakob Poeltl,Jakob,1610612761,TOR,29.0,57,21,36,0.368,1685.7483333333332,363,579,0.627,1,3,0.333,97,144,0.674,189,358,547,158,111,66,71,35,176,130,824,-37,2017.4,23,0,1804.0,232,280,455,414,148,89,143,31,479,503,297,142,124,433,17,39,24,137,86,95,30,438,532,116,116,358,78,27,44,95,1,0.368,0.641,0.184,0.133,0.627,-0.7,0.136,0.158,0.0051813471502590676,1.4231433506044906,1.4094630574551956,1.5162405618078618,4.036189664530787,7.645269311650909,2.7762151131693247,2.3704605966291923
1628973,Jalen Brunson,Jalen,1610612752,NYK,28.0,65,40,25,0.615,2300.7083333333335,585,1200,0.488,152,397,0.383,368,448,0.821,27,160,187,475,164,60,8,50,138,410,1690,146,2666.9,14,0,2640.0,162,89,300,144,40,19,19,158,60,61,129,8,8,163,313,221,243,12,39,119,361,506,456,4,18,92,32,40,44,28,1,0.615,0.605,0.289,0.138,0.488,2.6,0.318,0.042,0.3308333333333333,1.4083333333333334,0.9388412988753464,0.1251788398500462,0.4224785844939058,2.5035767970009237,6.415415542314866,2.5661662169259465
1631105,Jalen Duren,Jalen,1610612765,DET,21.0,78,43,35,0.551,2033.5483333333334,378,546,0.692,0,0,0.0,162,242,0.669,277,530,807,209,136,54,89,55,251,202,918,36,2492.9,41,0,2220.0,35,75,447,229,85,82,163,11,499,542,499,72,58,436,2,11,5,97,63,143,18,523,568,61,96,163,44,9,44,58,1,0.551,0.703,0.161,0.14,0.692,1.5,0.141,0.199,0.0,1.6813186813186813,0.9559644922790951,1.5755711076451753,4.903743784468691,9.382614461257784,3.576015322969948,2.4076142768510542
1630224,Jalen Green,Jalen,1610612745,HOU,23.0,82,52,30,0.634,2697.11,608,1437,0.423,234,661,0.354,273,336,0.813,45,332,377,282,203,71,27,106,127,248,1723,166,2689.4,4,0,2812.0,1,19,383,112,10,14,5,377,11,8,231,28,25,186,218,50,75,67,14,73,150,569,434,38,13,84,29,116,44,20,1,0.634,0.544,0.267,0.111,0.423,2.8,0.159,0.065,0.45998608211551845,1.199025748086291,0.9476810363685574,0.3603857462246627,0.6006429103744377,4.4314099165402965,3.3102098171746794,2.7095669068002417
1630552,Jalen Johnson,Jalen,1610612737,ATL,23.0,36,18,18,0.5,1284.1783333333333,271,542,0.5,44,141,0.312,94,126,0.746,62,297,359,181,106,56,36,39,67,99,680,55,1552.3,20,1,1448.0,370,312,211,266,216,143,167,125,255,249,355,148,149,329,145,68,86,113,95,136,104,462,264,170,162,134,143,32,20,148,1,0.5,0.569,0.214,0.135,0.5,1.6,0.203,0.132,0.26014760147601473,1.2546125461254614,1.5698754196911904,1.0092056269443368,1.7380763575152465,8.325946422290778,2.775315474096926,2.9715499015583244
1630591,Jalen Suggs,Jalen,1610612753,ORL,24.0,35,20,15,0.571,1002.4533333333334,197,481,0.41,76,242,0.314,97,110,0.882,23,118,141,129,102,51,33,17,98,129,567,3,1079.7,0,0,1081.0,381,296,179,210,269,218,193,418,187,163,352,142,172,64,342,281,298,176,104,159,115,299,341,120,205,225,230,281,44,221,1,0.571,0.536,0.268,0.107,0.41,1.0,0.216,0.072,0.5031185031185031,1.1787941787941787,1.8315067035539476,1.1850925728878485,0.8259736114066822,4.237603745477761,4.632634603107044,3.6630134071078952
1631114,Jalen Williams,Jalen,1610612760,OKC,24.0,69,55,14,0.797,2236.673333333333,565,1168,0.484,124,340,0.365,236,299,0.789,59,310,369,354,150,111,46,59,158,245,1490,456,2784.8,3,0,2651.0,129,11,168,36,53,23,23,167,94,91,193,39,40,236,159,64,80,39,48,10,67,531,502,41,24,14,26,134,44,27,1,0.797,0.573,0.27,0.138,0.484,10.2,0.233,0.079,0.2910958904109589,1.2756849315068493,1.7865818581762798,0.7403852745595394,0.9496245912828876,4.989552937249069,3.9433563536323293,2.414299808346324
1630592,Jalen Wilson,Jalen,1610612751,BKN,24.0,79,25,54,0.316,2031.3866666666668,246,620,0.397,122,362,0.337,135,165,0.818,75,195,270,145,79,40,5,37,164,122,749,-262,1346.5,0,0,1376.0,23,252,557,448,86,172,125,454,95,78,287,97,102,169,115,158,146,153,160,214,396,451,511,129,137,535,177,281,44,168,1,0.316,0.541,0.161,0.065,0.397,-6.7,0.11,0.067,0.5838709677419355,1.2080645161290322,0.7088753823332501,0.08860942279165626,1.329141341874844,3.4557674888745944,2.1620699161164127,1.4000288801081688
1627750,Jamal Murray,Jamal,1610612743,DEN,28.0,67,41,26,0.612,2418.346666666667,531,1121,0.474,156,397,0.393,218,246,0.886,45,216,261,403,138,91,33,46,128,211,1436,331,2587.7,5,0,2504.0,147,83,315,152,34,30,29,198,55,61,108,47,56,58,218,124,159,25,59,28,115,493,438,56,31,30,38,106,44,36,1,0.612,0.584,0.235,0.111,0.474,6.5,0.223,0.053,0.3541480820695807,1.28099910793934,1.3546444954128438,0.4912447071277346,0.6698791460832745,3.2154199011997178,3.140988884968243,2.0542960479887085
1642347,Jamal Shead,Jamal,1610612761,TOR,22.0,75,28,47,0.373,1466.825,204,504,0.405,72,223,0.323,53,69,0.768,30,85,115,316,117,58,10,29,158,99,533,-234,1232.0,1,0,1172.0,59,220,539,409,184,207,181,434,197,177,335,248,251,277,302,325,331,57,80,127,328,408,502,170,219,524,205,198,44,206,1,0.373,0.499,0.179,0.07,0.405,-7.8,0.307,0.037,0.44246031746031744,1.0575396825396826,1.4234826922093637,0.24542805038092477,0.7362841511427742,2.0861384282378608,2.4297376987711554,2.87150818945682
201935,James Harden,James,1610612746,LAC,35.0,79,50,29,0.633,2789.036666666667,531,1295,0.41,235,668,0.352,505,578,0.874,55,401,456,687,341,118,55,65,162,371,1802,344,3557.7,38,3,3526.0,23,23,362,113,5,30,13,416,9,7,242,2,3,79,173,27,45,3,2,8,48,543,506,8,10,24,4,11,11,5,1,0.633,0.582,0.286,0.145,0.41,6.2,0.365,0.083,0.5158301158301158,1.3915057915057916,1.5231065445536152,0.7099225419529562,0.7099225419529562,5.1759807149661,4.788750237537214,4.401519760108329
1642419,Jamison Battle,Jamison,1610612761,TOR,24.0,59,21,38,0.356,1041.6783333333333,149,347,0.429,105,259,0.405,16,18,0.889,37,121,158,53,27,17,10,14,92,25,419,-183,742.1,0,0,789.0,218,280,475,426,265,270,251,352,124,152,70,396,414,54,261,275,284,338,346,363,328,268,321,376,262,509,299,281,44,286,1,0.356,0.59,0.147,0.072,0.429,-8.4,0.073,0.072,0.7463976945244957,1.207492795389049,0.5875134198496976,0.3455961293233516,1.2787056784964008,4.181713164812554,0.863990323308379,0.9331095491730493
1641716,Jarace Walker,Jarace,1610612754,IND,21.0,75,45,30,0.6,1186.62,170,360,0.472,75,185,0.405,46,69,0.667,25,204,229,110,78,54,25,10,115,63,461,-146,1059.8,0,0,1033.0,59,56,383,168,237,247,246,206,191,212,70,271,251,438,329,143,192,210,161,143,162,207,402,250,242,492,236,281,44,236,1,0.6,0.59,0.165,0.087,0.472,-5.0,0.129,0.098,0.5138888888888888,1.2805555555555554,1.638266673408505,0.7584567932446783,0.7584567932446783,6.189007432876574,1.911311118976589,2.366385194923396
1630215,Jared Butler,Jared,1610612755,PHI,24.0,60,6,54,0.1,1043.735,203,453,0.448,60,169,0.355,75,91,0.824,25,85,110,220,80,42,13,38,97,74,541,-131,1088.0,1,0,1041.0,206,473,557,551,263,211,210,283,222,225,225,185,200,155,329,325,337,89,157,206,281,458,338,220,214,479,229,198,44,232,2,0.1,0.549,0.222,0.102,0.448,-6.0,0.317,0.049,0.3730684326710817,1.1942604856512142,1.4486435733208145,0.44838967745644254,0.8622878412623896,2.9317786602921245,2.552372010136673,2.7593210920396465
1628991,Jaren Jackson Jr.,Jaren,1610612763,MEM,25.0,74,42,32,0.568,2206.951666666667,592,1213,0.488,146,389,0.375,311,398,0.781,91,326,417,148,153,92,113,87,257,334,1641,331,2825.4,6,0,2762.0,71,81,413,216,58,15,18,155,66,67,149,16,13,247,81,52,58,147,47,26,5,566,569,11,20,30,22,93,44,21,1,0.568,0.591,0.274,0.124,0.488,6.4,0.102,0.087,0.32069249793899424,1.3528441879637263,1.5007125212680235,1.8432664663400724,1.484400428645545,5.3177421949279955,5.448238935907824,2.495750171239213
1628386,Jarrett Allen,Jarrett,1610612739,CLE,27.0,82,64,18,0.78,2296.0533333333333,452,640,0.706,0,5,0.0,199,277,0.718,216,582,798,158,97,77,73,47,127,257,1103,514,2650.6,40,0,2359.0,1,1,211,44,41,55,117,6,499,488,499,54,46,368,11,6,6,137,115,54,28,498,434,34,72,9,33,10,44,49,1,0.78,0.724,0.156,0.148,0.706,10.5,0.091,0.169,0.0078125,1.7234375,1.2072890292908411,1.1445727160809271,3.3866809133353466,9.125223572042461,4.029523123736963,1.5208705953404102
1629750,Javonte Green,Javonte,1610612739,CLE,31.0,68,24,44,0.353,1257.8333333333333,123,287,0.429,46,141,0.326,55,76,0.724,59,159,218,56,32,65,31,14,98,72,347,-212,948.6,0,0,859.0,138,261,524,428,220,296,283,355,251,249,322,239,233,360,159,223,205,326,328,101,128,268,341,224,290,517,262,281,44,270,2,0.353,0.541,0.113,0.064,0.429,-7.8,0.059,0.081,0.4912891986062718,1.2090592334494774,1.860341857691798,0.8872399628991652,1.6886179939048631,4.550682390353783,2.0606863654432224,0.9158606068636544
1629637,Jaxson Hayes,Jaxson,1610612747,LAL,25.0,56,38,18,0.679,1092.6833333333334,161,223,0.722,0,3,0.0,61,98,0.622,78,191,269,58,43,31,51,11,136,112,383,87,995.8,2,0,874.0,246,110,211,82,254,259,321,5,499,503,499,221,183,474,109,167,148,323,274,278,56,224,449,148,275,118,252,159,44,267,1,0.679,0.72,0.12,0.097,0.722,2.5,0.076,0.121,0.013452914798206279,1.7174887892376682,1.0213389057518951,1.6802672320434404,2.5698204725370264,6.292765516084257,3.6899986272326535,1.4166959015268221
1627759,Jaylen Brown,Jaylen,1610612738,BOS,28.0,63,46,17,0.73,2157.9283333333333,518,1118,0.463,116,358,0.324,246,322,0.764,82,286,368,286,162,73,19,68,154,292,1398,402,2382.6,5,0,2352.0,185,45,202,64,67,34,31,230,101,83,332,37,31,284,100,78,82,64,40,66,210,551,492,20,34,18,54,106,44,52,1,0.73,0.555,0.282,0.114,0.463,9.5,0.204,0.082,0.32021466905187834,1.2504472271914133,1.2178346979394588,0.31697067480616054,1.3679787017950087,4.771242789187469,4.871338791757835,2.7025920693998953
1642377,Jaylen Wells,Jaylen,1610612763,MEM,21.0,79,47,32,0.595,2043.4816666666666,287,676,0.425,138,392,0.352,111,135,0.822,87,181,268,135,69,44,8,33,146,150,823,186,1434.1,1,0,1468.0,23,36,413,180,84,123,109,371,76,65,241,121,139,161,93,180,150,167,192,197,361,434,473,95,118,76,161,198,44,144,1,0.595,0.56,0.156,0.065,0.425,4.7,0.082,0.061,0.5798816568047337,1.217455621301775,0.7751476442574724,0.14093593531954043,1.532678296600002,3.188675536604602,2.6425487872413833,1.215572442131036
1628369,Jayson Tatum,Jayson,1610612738,BOS,27.0,72,53,19,0.736,2623.8166666666666,662,1465,0.452,250,728,0.343,358,440,0.814,48,575,623,431,209,76,38,56,157,307,1932,534,3459.1,31,2,3464.0,95,17,226,60,14,6,3,272,7,4,266,11,10,184,202,8,17,17,9,56,94,526,498,16,5,7,5,18,15,6,1,0.736,0.582,0.301,0.158,0.452,9.8,0.266,0.112,0.4969283276450512,1.3187713310580205,1.0427557819715554,0.5213778909857777,0.6585825991399297,7.889270718863742,4.212184540332467,2.867578400421778
203924,Jerami Grant,Jerami,1610612757,POR,31.0,47,22,25,0.468,1523.5866666666666,214,574,0.373,108,296,0.365,141,166,0.849,26,137,163,101,65,41,46,42,109,121,677,-202,1220.1,0,0,1223.0,298,274,300,318,174,193,145,488,119,127,191,93,100,107,321,254,275,227,204,209,67,480,380,131,167,513,207,281,44,194,1,0.468,0.523,0.192,0.07,0.373,-6.1,0.099,0.05,0.5156794425087108,1.1794425087108014,0.9687666821272611,1.0869089604354636,0.6143398472026533,3.2370984256447506,2.8590431350585024,1.5358496180066334
1630526,Jeremiah Robinson-Earl,Jeremiah,1610612740,NOP,24.0,66,17,49,0.258,1238.9,158,347,0.455,56,164,0.341,46,55,0.836,110,205,315,88,51,39,7,18,79,49,418,-331,1015.0,4,0,969.0,156,323,548,487,227,263,251,260,231,227,273,271,286,127,61,141,110,250,254,219,370,312,290,292,263,552,245,116,44,250,1,0.258,0.563,0.14,0.087,0.455,-11.8,0.101,0.122,0.47262247838616717,1.2046109510086456,1.1332633788037774,0.20340624747760108,3.1963838889337315,5.9568972475583175,1.4238437323432076,1.4819598030510936
1631110,Jeremy Sochan,Jeremy,1610612759,SAS,22.0,54,21,33,0.389,1363.9683333333332,251,469,0.535,28,91,0.308,87,125,0.696,127,225,352,128,84,45,27,46,131,105,617,-88,1363.4,8,0,1269.0,258,280,428,397,203,164,199,75,301,292,366,162,152,397,45,118,89,177,143,193,150,493,443,161,181,441,174,77,44,187,1,0.389,0.589,0.184,0.101,0.535,-2.7,0.138,0.121,0.19402985074626866,1.3155650319829424,1.1877108583899187,0.7126265150339512,3.3519839781226595,5.938554291949593,2.771325336243144,2.217060268994515
202710,Jimmy Butler III,Jimmy,1610612744,GSW,35.0,55,36,19,0.655,1746.135,301,597,0.504,32,104,0.308,330,392,0.842,125,171,296,298,74,77,18,50,52,283,964,246,1977.2,6,3,1780.0,253,136,226,97,138,115,134,117,286,276,366,13,16,119,48,195,125,62,174,54,216,506,225,22,92,61,83,93,11,100,2,0.655,0.626,0.203,0.145,0.504,6.3,0.26,0.085,0.17420435510887772,1.6147403685092128,1.5875061206607737,0.37110532690771336,2.5771203257480093,3.525500605623277,5.834600417493493,1.5256552328428215
1628381,John Collins,John,1610612762,UTA,27.0,40,12,28,0.3,1220.4916666666666,280,531,0.527,59,148,0.399,139,164,0.848,89,238,327,80,103,39,40,54,116,155,758,-16,1404.4,13,0,1382.0,342,393,349,456,232,132,170,84,228,244,89,94,105,111,86,108,99,271,101,219,84,520,406,92,135,295,167,46,44,164,1,0.3,0.628,0.234,0.129,0.527,-0.9,0.105,0.128,0.2787193973634652,1.4274952919020716,1.1503560723478927,1.1798523818952746,2.625171549716986,7.020121672276884,4.5719279798441885,3.038119883380332
1630548,Johnny Juzang,Johnny,1610612762,UTA,24.0,64,15,49,0.234,1269.83,204,475,0.429,118,314,0.376,45,53,0.849,42,142,184,68,36,39,8,15,126,43,571,-357,998.8,0,0,1035.0,170,349,548,504,218,207,197,351,99,108,148,279,289,108,237,249,246,295,311,219,361,284,432,312,201,554,250,281,44,234,1,0.234,0.573,0.174,0.071,0.429,-13.1,0.08,0.07,0.6610526315789473,1.2021052631578948,1.105659812730838,0.2268020128678642,1.190710567556287,4.02573572840459,1.2190608191647703,1.020609057905389
202685,Jonas Valančiūnas,Jonas,1610612758,SAC,33.0,81,23,58,0.284,1523.7633333333333,345,627,0.55,8,37,0.216,145,165,0.879,190,437,627,164,120,37,46,39,181,168,843,-304,1970.4,21,0,1808.0,12,265,567,468,173,99,121,69,409,388,466,89,102,70,15,21,16,128,76,235,67,462,536,82,110,547,86,28,44,94,2,0.284,0.602,0.222,0.147,0.55,-9.6,0.171,0.203,0.05901116427432217,1.3444976076555024,0.8741514977172745,1.086782943107963,4.488886069358977,10.324437959525648,3.969120313959517,2.8350859385425125
1628371,Jonathan Isaac,Jonathan,1610612753,ORL,27.0,71,35,36,0.493,1090.015,134,324,0.414,39,151,0.258,73,107,0.682,120,194,314,40,33,61,80,14,90,79,380,-38,1206.8,2,0,1055.0,108,149,455,291,255,282,264,409,263,239,434,189,177,420,53,160,112,368,323,111,21,268,315,207,277,361,211,159,44,228,1,0.493,0.512,0.155,0.108,0.414,-0.7,0.056,0.141,0.4660493827160494,1.1728395061728396,2.014651174525121,2.6421654747870438,3.9632482121805657,6.407251276358582,2.609138406352206,1.0898932583496557
1630228,Jonathan Kuminga,Jonathan,1610612744,GSW,22.0,47,28,19,0.596,1144.08,258,568,0.454,46,151,0.305,157,235,0.668,56,161,217,104,71,38,21,48,90,145,719,8,1241.4,2,0,1204.0,298,220,226,179,246,155,150,264,251,239,374,81,63,437,166,218,208,221,186,229,194,501,315,98,150,210,204,159,44,197,1,0.596,0.535,0.271,0.11,0.454,1.0,0.151,0.088,0.2658450704225352,1.2658450704225352,1.195720578980491,0.6607929515418502,1.7621145374449338,5.066079295154186,4.562617998741347,2.23410950283197
1642367,Jonathan Mogbo,Jonathan,1610612761,TOR,23.0,63,18,45,0.286,1285.655,156,356,0.438,17,70,0.243,60,82,0.732,109,202,311,146,70,55,34,31,136,70,389,-241,1178.2,3,1,1041.0,185,312,529,464,215,266,247,317,350,327,449,225,223,346,63,147,113,150,190,141,110,422,449,229,271,528,215,134,20,232,1,0.286,0.496,0.145,0.083,0.438,-8.2,0.16,0.114,0.19662921348314608,1.0926966292134832,1.5400710143856633,0.9520438998020464,3.0521407376006784,5.656260816470982,1.9600903819453899,1.9600903819453899
1641722,Jordan Hawkins,Jordan,1610612740,NOP,23.0,56,18,38,0.321,1320.5,207,556,0.372,110,332,0.331,80,98,0.816,25,133,158,66,58,30,23,26,51,73,604,-317,993.6,0,0,1044.0,246,312,475,444,212,200,159,489,114,98,308,176,183,177,329,260,284,298,221,285,173,386,223,221,187,548,253,281,44,231,1,0.321,0.504,0.204,0.066,0.372,-11.4,0.076,0.056,0.5971223021582733,1.0863309352517985,0.8178720181749337,0.6270352139341159,0.6815600151457781,3.6258992805755397,1.990155244225672,1.5812192351382053
1629673,Jordan Poole,Jordan,1610612764,WAS,26.0,68,15,53,0.221,2000.8866666666668,457,1057,0.432,235,622,0.378,242,274,0.883,31,172,203,303,204,86,27,68,201,287,1391,-558,2224.1,1,0,2358.0,138,349,555,511,91,51,38,339,9,12,140,38,47,61,298,193,228,61,13,36,150,551,554,21,36,567,66,198,44,51,1,0.221,0.591,0.281,0.107,0.432,-13.1,0.254,0.046,0.5884578997161779,1.3159886471144748,1.5473140241159753,0.4857846354782713,0.5577527296232003,3.0946280482319506,5.163710754898661,3.670372801391383
1630631,Jose Alvarado,Jose,1610612740,NOP,27.0,56,19,37,0.339,1365.9,204,521,0.392,111,309,0.359,60,74,0.811,27,109,136,259,86,74,14,24,91,75,579,-232,1308.7,2,0,1261.0,246,302,465,435,202,207,171,458,112,116,212,225,236,193,313,294,302,74,135,61,265,370,318,217,198,523,188,159,44,188,1,0.339,0.523,0.193,0.09,0.392,-8.7,0.278,0.047,0.5930902111324377,1.111324376199616,1.950362398418625,0.368987480781902,0.7116187129365252,2.87283110037338,1.9767186470459037,2.2666373819459693
1630581,Josh Giddey,Josh,1610612741,CHI,22.0,70,33,37,0.471,2116.641666666667,371,798,0.465,105,278,0.378,175,224,0.781,127,439,566,503,202,84,45,66,122,179,1022,-68,2640.7,30,7,2454.0,118,166,465,315,73,85,85,226,124,137,142,68,69,248,45,20,21,10,15,39,70,546,421,70,82,410,34,21,7,43,1,0.471,0.57,0.214,0.13,0.465,-1.4,0.322,0.127,0.3483709273182957,1.280701754385965,1.4286782914758833,0.765363370433509,2.1600255121123477,7.466544880451343,3.0444454068355133,3.4356311295015294
1630182,Josh Green,Josh,1610612766,CHA,24.0,68,17,51,0.25,1887.5033333333333,180,421,0.428,97,248,0.391,49,72,0.681,56,116,172,108,70,74,15,26,165,87,506,-364,1071.4,0,0,1061.0,138,323,553,489,107,233,222,361,143,159,111,258,244,425,166,283,264,215,190,61,257,386,519,194,230,556,234,281,44,226,1,0.25,0.559,0.115,0.043,0.428,-8.9,0.081,0.043,0.5890736342042755,1.2019002375296912,1.4113882359589651,0.28609220999168217,1.0680775839689467,2.212446423935675,1.6593348179517564,1.3350969799611832
1628404,Josh Hart,Josh,1610612752,NYK,30.0,77,48,29,0.623,2896.83,404,770,0.525,84,252,0.333,159,205,0.776,161,576,737,453,158,119,27,59,201,182,1051,203,2894.9,34,9,2617.0,43,30,362,132,2,68,90,88,168,157,297,77,77,261,28,7,11,14,45,7,150,531,554,66,79,70,18,16,5,32,1,0.623,0.611,0.151,0.119,0.525,3.6,0.206,0.13,0.32727272727272727,1.364935064935065,1.4788579240065867,0.3355391928418306,2.000807779538323,7.158169447292385,2.261782707304191,1.9635256470003417
201950,Jrue Holiday,Jrue,1610612738,BOS,35.0,62,47,15,0.758,1896.0683333333334,254,573,0.443,108,306,0.353,70,77,0.909,76,189,265,239,77,66,27,23,101,75,686,339,1564.5,1,0,1484.0,192,36,179,55,104,161,147,301,119,120,235,198,231,34,110,169,154,79,163,95,150,356,351,217,159,27,139,198,44,139,1,0.758,0.565,0.156,0.088,0.443,8.9,0.174,0.065,0.5340314136125655,1.1972076788830714,1.253119393552096,0.5126397519076756,1.4429859683327166,3.5884782633537293,1.4239993108546543,1.4619726258107786
1630577,Julian Champagnie,Julian,1610612759,SAS,24.0,82,34,48,0.415,1932.1283333333333,276,665,0.415,178,480,0.371,85,94,0.904,67,251,318,111,74,61,35,32,114,54,815,-67,1577.1,0,0,1614.0,1,157,542,378,101,139,110,406,31,28,172,164,192,39,133,101,106,206,174,111,107,430,396,278,121,409,136,281,44,120,1,0.415,0.577,0.164,0.079,0.415,-2.1,0.078,0.077,0.7218045112781954,1.2255639097744362,1.1365704659024547,0.652130595189933,1.248364282220729,4.676707982647805,1.0061443468644682,1.3787904012587155
1641763,Julian Phillips,Julian,1610612741,CHI,21.0,79,37,42,0.468,1122.905,128,287,0.446,50,153,0.327,60,76,0.789,67,102,169,39,27,38,20,17,108,60,366,30,774.3,0,0,740.0,23,124,517,316,249,291,283,289,242,236,318,225,233,235,133,302,267,372,346,229,204,299,375,258,281,169,292,281,44,293,1,0.468,0.571,0.126,0.055,0.446,1.8,0.045,0.07,0.5331010452961672,1.2752613240418118,1.2182686870216093,0.6411940458008469,2.148000053432837,3.2700896335843193,1.9235821374025408,0.8656119618311433
1631124,Julian Strawther,Julian,1610612743,DEN,23.0,65,41,24,0.631,1383.47,210,486,0.432,94,269,0.349,74,90,0.822,17,125,142,83,57,39,16,19,151,97,588,-71,990.9,0,0,1017.0,162,83,291,120,198,197,191,340,149,144,249,187,201,161,394,268,297,259,225,219,242,320,484,176,194,417,254,281,44,240,1,0.631,0.559,0.173,0.057,0.432,-2.5,0.082,0.049,0.5534979423868313,1.2098765432098766,1.0148394977845563,0.41634440934751027,0.4423659349317296,3.2526906980274237,2.524087981669281,1.483226958300505
203944,Julius Randle,Julius,1610612750,MIN,30.0,69,44,25,0.638,2225.5266666666666,455,939,0.485,108,314,0.344,270,335,0.806,144,343,487,323,196,47,16,60,175,257,1288,166,2349.9,14,0,2332.0,129,62,300,109,56,53,55,165,119,108,264,30,26,205,36,45,35,54,19,178,242,534,530,34,50,84,57,40,44,54,1,0.638,0.593,0.246,0.124,0.485,3.4,0.228,0.108,0.3343982960596379,1.3716719914802982,0.7602694792843042,0.2588151418840185,2.329336276956166,5.548349604138646,4.157218216512047,3.170485488079226
1630551,Justin Champagnie,Justin,1610612764,WAS,24.0,62,16,46,0.258,1340.5333333333333,210,411,0.511,74,193,0.383,50,73,0.685,112,239,351,60,54,65,39,23,110,53,544,-288,1313.2,8,0,1237.0,192,340,533,486,208,197,229,106,194,204,127,256,239,415,57,107,90,314,236,101,88,356,383,281,212,545,186,77,44,192,1,0.258,0.614,0.15,0.101,0.511,-9.7,0.066,0.119,0.46958637469586373,1.3236009732360097,1.7455739009349514,1.0473443405609708,3.007758106226378,6.418340958822359,1.423314103839268,1.450169086930575
1642348,Justin Edwards,Justin,1610612755,PHI,21.0,44,11,33,0.25,1154.72,172,378,0.455,69,190,0.363,32,46,0.696,46,102,148,69,49,45,16,25,98,38,445,-280,860.1,1,0,853.0,322,407,428,489,244,242,239,261,204,206,200,312,304,398,215,302,293,294,260,193,242,380,341,327,252,542,280,198,44,272,1,0.25,0.559,0.165,0.062,0.455,-11.6,0.084,0.065,0.5026455026455027,1.1772486772486772,1.4029375086601081,0.4988222253013717,1.4341138977414438,3.179991686296245,1.1847027850907579,1.527643064985451
203994,Jusuf Nurkić,Jusuf,1610612766,CHA,30.0,51,18,33,0.353,1062.8266666666666,168,352,0.477,32,105,0.305,85,128,0.664,85,313,398,115,97,40,34,16,130,127,453,-184,1228.1,10,0,1146.0,275,312,428,428,258,248,249,183,286,274,373,164,144,448,96,60,69,198,115,214,110,294,441,123,245,510,206,62,44,210,2,0.353,0.555,0.202,0.116,0.477,-9.0,0.167,0.181,0.29829545454545453,1.2869318181818181,1.3548775592131674,1.1516459253311924,2.879114813327981,10.601916900843037,4.301736250501807,3.2855780810919315
1626157,Karl-Anthony Towns,Karl-Anthony,1610612752,NYK,29.0,72,46,26,0.639,2516.72,639,1215,0.526,142,338,0.42,339,409,0.829,212,708,920,222,192,71,50,83,249,345,1759,378,3367.0,58,1,3285.0,95,45,315,106,27,10,17,87,68,94,43,12,12,144,12,2,3,88,22,73,59,564,567,9,11,21,8,4,20,9,1,0.639,0.63,0.265,0.161,0.526,6.8,0.13,0.187,0.2781893004115226,1.4477366255144033,1.015607616262437,0.7152166311707302,3.032518516163896,10.12746749737754,4.934994755078038,2.746431863695604
202695,Kawhi Leonard,Kawhi,1610612746,LAC,34.0,37,26,11,0.703,1179.9566666666667,310,623,0.498,78,190,0.411,98,121,0.81,35,184,219,116,72,59,17,11,56,122,796,296,1388.8,5,0,1361.0,361,240,128,70,238,111,124,137,182,206,58,141,158,197,273,176,202,197,181,124,225,224,238,129,124,44,169,106,44,169,1,0.703,0.589,0.28,0.134,0.498,12.4,0.147,0.098,0.30497592295345105,1.2776886035313002,1.8000661041224677,0.5186631147471517,1.0678358244794302,5.613765477263289,3.7221705881854414,2.196690838929113
1631099,Keegan Murray,Keegan,1610612758,SAC,24.0,76,36,40,0.474,2610.173333333333,364,820,0.444,154,449,0.343,60,72,0.833,146,361,507,109,60,61,69,28,186,79,942,46,2043.9,11,0,1972.0,51,136,503,309,16,88,82,298,59,40,268,225,244,131,35,37,31,212,215,111,35,402,543,207,94,143,76,55,44,79,1,0.474,0.553,0.148,0.075,0.444,1.5,0.055,0.095,0.5475609756097561,1.148780487804878,0.8413234370131231,0.9516609369492703,2.013659373834688,4.978979684618646,1.0895828118694544,0.8275312495211046
1642276,Kel'el Ware,Kel'el,1610612748,MIA,21.0,64,28,36,0.438,1422.4866666666667,257,464,0.554,35,111,0.315,46,67,0.687,116,357,473,60,57,39,71,17,111,55,595,39,1525.6,15,0,1383.0,170,220,455,357,189,157,203,67,274,269,350,271,256,413,54,41,38,314,225,219,30,299,385,273,190,159,148,37,44,163,1,0.438,0.603,0.169,0.119,0.554,1.9,0.062,0.167,0.23922413793103448,1.2823275862068966,0.9870039789476645,1.7968533975713892,2.935704142511002,9.034882576520927,1.3919286882595265,1.4425442769235095
1629640,Keldon Johnson,Keldon,1610612759,SAS,25.0,77,31,46,0.403,1837.9966666666667,371,770,0.482,87,274,0.318,150,194,0.773,112,259,371,125,77,49,22,37,115,140,979,-217,1747.7,3,0,1704.0,43,186,533,388,120,85,90,174,161,139,345,85,86,266,57,97,77,184,163,168,187,451,402,102,90,519,110,134,44,109,1,0.403,0.572,0.207,0.103,0.482,-5.8,0.105,0.096,0.35584415584415585,1.2714285714285714,0.95974058712475,0.4309039370764184,2.193692770570857,5.0729145319451066,2.742115963213571,1.508163779767464
1626162,Kelly Oubre Jr.,Kelly,1610612755,PHI,29.0,60,21,39,0.35,2078.19,348,741,0.47,71,242,0.293,139,185,0.751,97,271,368,108,80,92,30,66,180,168,906,-258,1795.6,10,0,1697.0,206,280,486,430,79,97,96,211,201,163,393,94,90,309,73,84,82,215,157,26,132,546,534,82,100,530,105,62,44,110,1,0.35,0.551,0.186,0.084,0.47,-5.7,0.079,0.091,0.3265856950067476,1.222672064777328,1.593694513013728,0.5196829933740418,1.6803083452427352,4.694469706812178,2.9102247628946345,1.3858213156641115
1629026,Kenrich Williams,Kenrich,1610612760,OKC,30.0,69,58,11,0.841,1131.5383333333334,171,354,0.483,66,171,0.386,28,39,0.718,65,176,241,97,39,43,10,22,110,54,436,329,990.7,2,0,946.0,129,7,128,20,248,245,248,169,208,223,120,331,328,370,138,190,181,235,292,202,328,349,383,278,257,32,255,159,44,253,1,0.841,0.587,0.151,0.093,0.483,14.5,0.111,0.102,0.4830508474576271,1.231638418079096,1.3680491012972016,0.3181509537900469,2.067981199635305,5.599456786704825,1.718015150466253,1.2407887197811827
203484,Kentavious Caldwell-Pope,Kentavious,1610612763,MEM,32.0,77,38,39,0.494,2279.036666666667,239,544,0.439,113,330,0.342,82,95,0.863,33,136,169,136,62,99,34,10,136,105,673,11,1416.8,0,0,1357.0,43,110,486,288,46,178,165,310,108,100,269,173,190,90,286,256,267,164,209,17,110,207,449,161,168,199,165,281,44,170,1,0.494,0.574,0.121,0.065,0.439,0.5,0.086,0.038,0.6066176470588235,1.2371323529411764,1.5638186309712727,0.5370690247780129,0.5212728769904242,2.1482760991120515,1.6585955176968044,0.9793611628304941
1631165,Keon Ellis,Keon,1610612758,SAC,25.0,80,39,41,0.488,1948.1916666666666,227,464,0.489,139,321,0.433,73,86,0.849,60,152,212,120,71,121,63,14,176,94,666,64,1581.4,0,0,1505.0,16,100,512,299,98,184,203,152,73,106,31,189,211,109,155,235,217,191,186,5,39,268,532,184,171,128,133,281,44,134,1,0.488,0.664,0.125,0.073,0.489,3.0,0.08,0.055,0.6918103448275862,1.4353448275862069,2.2359196348750765,1.164156504108511,1.1087204801033437,2.8087585495951375,1.736995418828572,1.3119859014556234
1630553,Keon Johnson,Keon,1610612751,BKN,23.0,79,25,54,0.316,1925.2016666666666,303,779,0.389,126,401,0.314,107,139,0.77,63,234,297,175,116,82,30,75,209,120,839,-423,1677.9,0,0,1661.0,23,252,557,448,102,114,87,469,90,57,351,128,132,272,144,112,123,118,81,43,132,555,560,133,111,562,114,281,44,116,1,0.316,0.499,0.212,0.07,0.389,-10.3,0.148,0.076,0.5147625160462131,1.0770218228498074,1.5333458572738268,0.5609801916855464,1.1780584025396474,4.375645495147262,2.2439207667421854,2.1691234078507793
201142,Kevin Durant,Kevin,1610612756,PHX,36.0,62,33,29,0.532,2264.685,592,1124,0.527,160,372,0.43,303,361,0.839,23,351,374,263,190,50,77,32,104,331,1647,-38,2681.3,5,0,2698.0,192,166,362,244,49,15,28,85,48,71,35,18,23,120,342,43,76,72,23,161,24,430,361,12,19,361,30,106,44,24,1,0.532,0.642,0.283,0.142,0.527,-1.0,0.188,0.084,0.3309608540925267,1.4653024911032029,0.7948125235959969,1.2240112863378352,0.36561376085415853,5.579583915643897,5.261658906205499,3.020287589664788
1628989,Kevin Huerter,Kevin,1610612741,CHI,26.0,69,39,30,0.565,1678.9933333333333,257,604,0.425,132,391,0.338,35,49,0.714,30,175,205,156,67,66,23,14,121,43,681,104,1361.0,0,0,1352.0,129,100,383,218,150,157,130,370,82,66,286,299,297,374,302,191,225,143,199,95,173,268,418,312,161,109,175,281,44,173,2,0.565,0.544,0.171,0.073,0.425,2.8,0.124,0.058,0.6473509933774835,1.1274834437086092,1.4151336713665728,0.4931526430519875,0.6432425778938967,3.752248371047731,0.9219810283145853,1.4365750906297028
1629645,Kevin Porter Jr.,Kevin,1610612749,MIL,25.0,75,43,32,0.573,1482.02,293,652,0.449,55,177,0.311,130,169,0.769,42,236,278,256,136,81,13,48,119,145,771,27,1634.6,2,1,1548.0,59,75,413,208,180,119,114,277,234,219,361,103,98,273,237,109,139,75,63,44,281,501,412,98,133,175,122,159,20,127,2,0.573,0.531,0.248,0.119,0.449,1.1,0.276,0.092,0.2714723926380368,1.1825153374233128,1.9675847829314046,0.3157852120754106,1.0202291467051727,5.732716157676685,3.5222196731488107,3.3035991417119877
1626172,Kevon Looney,Kevon,1610612744,GSW,29.0,76,45,31,0.592,1142.155,143,278,0.514,2,5,0.4,56,99,0.566,185,277,462,118,39,46,37,17,154,84,344,117,1285.4,2,0,1092.0,51,56,395,185,247,272,290,102,466,488,78,235,182,499,19,81,44,195,292,185,99,299,492,199,291,104,197,159,44,218,1,0.592,0.535,0.125,0.114,0.514,5.6,0.143,0.181,0.017985611510791366,1.2374100719424461,1.449890776645902,1.1662164942586604,5.831082471293302,8.730864024585104,2.6476266356142557,1.2292552236780472
1641718,Keyonte George,Keyonte,1610612762,UTA,21.0,67,13,54,0.194,2108.475,359,919,0.391,174,507,0.343,233,285,0.818,26,227,253,377,183,46,9,71,111,227,1125,-512,1976.1,4,0,2039.0,147,382,557,527,75,92,59,464,34,24,267,41,44,176,321,116,168,30,27,185,346,553,385,47,67,564,85,116,44,74,1,0.194,0.539,0.237,0.093,0.391,-11.9,0.272,0.058,0.5516866158868335,1.2241566920565832,0.7854017714224737,0.15366556397396225,0.4439227403692242,3.8757870024543806,3.8757870024543806,3.124533134137232
202691,Klay Thompson,Klay,1610612742,DAL,35.0,72,33,39,0.458,1964.5683333333334,361,877,0.412,216,553,0.391,67,74,0.905,44,202,246,145,88,50,30,21,81,51,1005,-79,1669.7,0,0,1772.0,95,166,486,329,94,91,67,412,15,16,112,206,236,37,221,147,176,153,128,161,132,337,295,287,84,429,115,281,44,102,1,0.458,0.552,0.214,0.083,0.412,-2.4,0.104,0.06,0.6305587229190421,1.145952109464082,0.9162318100413916,0.549739086024835,0.8062839928364246,3.701576512567222,0.9345564462422195,1.6125679856728492
1627739,Kris Dunn,Kris,1610612746,LAC,31.0,74,45,29,0.608,1782.9183333333333,192,437,0.439,75,224,0.335,15,22,0.682,53,198,251,210,74,128,27,13,197,36,474,262,1481.2,0,0,1320.0,71,56,362,157,131,223,215,309,191,174,293,403,391,421,179,154,170,96,174,3,150,254,551,336,240,54,155,281,44,178,1,0.608,0.531,0.126,0.07,0.439,7.8,0.153,0.072,0.5125858123569794,1.0846681922196797,2.584526679573097,0.5451735964724501,1.0701555782607355,3.997939707464634,0.7268981286299334,1.4941794866281968
1631200,Kris Murray,Kris,1610612757,POR,24.0,69,31,38,0.449,1040.3866666666668,117,279,0.419,27,120,0.225,26,57,0.456,76,106,182,68,43,35,17,20,66,42,287,-50,720.4,1,0,668.0,129,186,475,347,267,304,289,395,304,264,461,345,280,534,110,297,249,295,274,252,225,329,261,317,316,380,305,198,44,308,1,0.449,0.472,0.133,0.061,0.419,-1.8,0.09,0.081,0.43010752688172044,1.028673835125448,1.2110881851619268,0.5882428327929359,2.6297914877801842,3.6678670750618356,1.453305822194312,1.4879083417703673
204001,Kristaps Porziņģis,Kristaps,1610612738,BOS,29.0,42,30,12,0.714,1209.9633333333334,277,574,0.483,103,250,0.412,161,199,0.809,68,216,284,87,53,31,63,23,116,214,818,173,1518.3,6,0,1480.0,330,196,146,68,234,137,145,172,133,158,55,75,80,201,129,124,136,251,246,278,39,356,406,55,119,81,149,93,44,141,1,0.714,0.618,0.253,0.132,0.483,5.8,0.113,0.11,0.4355400696864111,1.4250871080139373,0.9223419993443327,1.8744369664094505,2.023201805013375,6.426641027689544,6.367135092247974,1.5769072892016012
203937,Kyle Anderson,Kyle,1610612748,MIA,31.0,61,30,31,0.492,1002.0933333333334,142,303,0.469,25,70,0.357,48,65,0.738,53,153,206,145,37,40,33,17,81,60,357,-22,1003.7,2,0,879.0,201,196,395,294,270,273,273,215,315,327,218,265,261,337,179,233,223,153,303,214,115,299,295,258,283,317,248,159,44,264,2,0.492,0.538,0.152,0.108,0.469,-1.5,0.211,0.097,0.23102310231023102,1.1782178217821782,1.4369918969623587,1.1855183149939459,1.9040142634751251,5.496494005881022,2.155487845443538,1.329217504690182
1642271,Kyle Filipowski,Kyle,1610612762,UTA,21.0,72,13,59,0.181,1521.54,260,518,0.502,77,220,0.35,93,143,0.65,112,328,440,140,102,48,22,40,171,125,690,-366,1536.0,13,0,1487.0,95,382,568,533,175,153,173,120,185,182,244,149,125,457,57,51,52,158,104,171,187,473,525,125,157,557,147,46,44,137,1,0.181,0.594,0.184,0.103,0.502,-11.3,0.14,0.14,0.4247104247104247,1.332046332046332,1.135691470483852,0.5205252573050988,2.649946764462321,7.760558381639655,2.957529871051698,2.4133443747781853
1628398,Kyle Kuzma,Kyle,1610612749,MIL,29.0,65,25,40,0.385,1936.415,370,848,0.436,96,313,0.307,128,202,0.634,54,316,370,152,146,36,19,39,119,159,964,-419,1655.0,6,0,1692.0,162,252,503,400,100,87,72,326,144,113,370,108,79,466,175,57,78,145,52,244,210,462,412,89,92,561,116,93,44,113,2,0.385,0.514,0.233,0.08,0.436,-10.3,0.123,0.091,0.36910377358490565,1.1367924528301887,0.6692780214984907,0.3532300669019813,1.0039170322477362,5.87477374426453,2.955977928285001,2.714294198299435
202681,Kyrie Irving,Kyrie,1610612742,DAL,33.0,50,28,22,0.56,1803.7966666666666,447,945,0.473,144,359,0.401,196,214,0.916,60,180,240,231,111,66,23,40,101,164,1234,124,2024.5,0,0,2027.0,283,220,274,221,127,56,52,201,67,82,76,55,73,32,155,183,183,81,86,95,173,473,351,86,54,101,77,281,44,75,1,0.56,0.594,0.264,0.129,0.473,2.6,0.198,0.064,0.3798941798941799,1.3058201058201058,1.317221638063418,0.45903178296149416,1.1974742164212893,3.5924226492638676,3.2730961915515238,2.215327300379385
1642273,Kyshawn George,Kyshawn,1610612764,WAS,21.0,68,15,53,0.221,1802.1833333333334,203,546,0.372,114,354,0.322,70,93,0.753,49,236,285,169,97,68,50,36,201,93,590,-361,1442.5,1,0,1394.0,138,349,555,511,128,211,163,491,105,84,337,198,195,308,200,109,135,121,115,89,59,441,554,187,193,555,160,198,44,161,1,0.221,0.503,0.156,0.058,0.372,-10.1,0.133,0.074,0.6483516483516484,1.0805860805860805,1.3583523688858885,0.9987885065337415,0.9788127364030667,4.71428175083926,1.857746622152759,1.9376497026754584
1630163,LaMelo Ball,LaMelo,1610612766,CHA,23.0,47,16,31,0.34,1504.475,406,1003,0.405,179,528,0.339,193,229,0.843,47,185,232,346,167,54,13,43,157,221,1184,-130,2015.4,13,0,2075.0,298,340,395,434,178,67,46,433,28,22,282,59,66,118,205,175,190,44,37,143,281,483,498,52,60,477,80,46,44,72,1,0.34,0.536,0.342,0.127,0.405,-3.9,0.39,0.072,0.5264207377866401,1.1804586241276172,1.2921451004503233,0.31107196862692965,1.1246448096512074,4.426793399690922,5.288223466657804,3.9960783662074815
1628374,Lauri Markkanen,Lauri,1610612762,UTA,28.0,47,9,38,0.191,1475.8433333333332,296,700,0.423,138,399,0.346,162,185,0.876,72,206,278,70,66,33,17,39,79,159,892,-186,1414.6,5,0,1478.0,298,434,475,529,182,118,100,379,76,59,256,72,90,75,119,139,139,291,201,265,225,462,290,89,102,511,166,106,44,143,1,0.191,0.571,0.231,0.103,0.423,-6.1,0.074,0.09,0.57,1.2742857142857142,0.8049634898013114,0.4146781614127968,1.7562839777483157,5.024923603002125,3.878460450860864,1.6099269796026228
2544,LeBron James,LeBron,1610612747,LAL,40.0,70,44,26,0.629,2444.4466666666667,651,1270,0.513,149,396,0.376,259,331,0.782,72,474,546,575,260,70,39,51,99,265,1710,-54,3294.7,32,10,3198.0,118,62,315,125,32,8,14,104,61,63,146,33,28,244,119,15,25,7,4,77,88,511,346,29,15,383,10,17,3,10,1,0.629,0.604,0.291,0.169,0.513,-1.3,0.395,0.112,0.31181102362204727,1.3464566929133859,1.03090815371986,0.5743631142153507,1.0603626723975705,6.980720926617339,3.902723724796614,3.829087428102338
1629652,Luguentz Dort,Luguentz,1610612760,OKC,26.0,71,57,14,0.803,2073.3,258,593,0.435,170,413,0.412,33,46,0.717,89,204,293,115,51,79,39,23,208,108,719,547,1546.1,0,0,1533.0,108,10,168,31,80,155,137,331,38,52,56,306,304,371,86,143,130,198,254,48,88,356,559,156,150,4,144,281,44,131,1,0.803,0.586,0.133,0.063,0.435,13.1,0.067,0.067,0.6964586846543002,1.21247892074199,1.3717262335407319,0.6771813051656778,1.5453624656344958,3.542179134712776,1.8752713066126465,0.885544783678194
1629029,Luka Dončić,Luka,1610612747,LAL,26.0,50,31,19,0.62,1768.55,461,1025,0.45,177,481,0.368,309,395,0.782,40,369,409,383,179,89,21,30,126,293,1408,344,2624.3,21,5,2597.0,283,186,226,138,132,48,43,276,32,27,181,17,14,245,244,33,63,27,29,34,194,416,432,19,33,24,37,28,8,33,2,0.62,0.587,0.328,0.17,0.45,9.1,0.342,0.112,0.4692682926829268,1.373658536585366,1.8116536145429871,0.4274688303977835,0.8142263436148257,7.511238019846767,5.964207966978599,3.643662887676345
1628379,Luke Kennard,Luke,1610612763,MEM,29.0,65,37,28,0.569,1471.6916666666666,206,431,0.478,113,261,0.433,51,57,0.895,37,146,183,215,72,50,5,11,59,45,576,122,1211.1,0,0,1197.0,162,124,349,215,183,202,218,181,108,150,32,254,280,45,261,243,247,93,181,161,396,224,244,305,199,102,208,281,44,198,1,0.569,0.631,0.14,0.093,0.478,3.1,0.179,0.059,0.605568445475638,1.3364269141531322,1.22308228059546,0.122308228059546,0.9050808876406403,3.571400259338743,1.100774052535914,1.7612384840574622
1628436,Luke Kornet,Luke,1610612738,BOS,29.0,73,53,20,0.726,1361.06,187,280,0.668,0,3,0.0,67,97,0.691,190,198,388,117,31,36,71,21,119,104,441,401,1372.1,3,0,1160.0,86,17,242,65,204,228,287,16,499,503,499,206,187,406,15,154,71,196,330,244,30,337,412,164,254,19,173,134,44,209,1,0.726,0.683,0.111,0.114,0.668,14.9,0.115,0.136,0.010714285714285714,1.575,0.9521990213510059,1.877948069886706,5.025494834908086,5.237094617430532,2.750797172791795,0.8199491572744773
1627736,Malik Beasley,Malik,1610612765,DET,28.0,82,44,38,0.537,2282.9466666666667,461,1071,0.43,319,766,0.416,95,140,0.679,47,167,214,139,83,73,5,29,125,108,1336,175,1952.3,1,0,2164.0,1,62,475,240,45,48,36,345,2,3,48,145,130,428,205,206,214,159,145,66,396,408,428,156,43,78,89,198,44,63,1,0.537,0.59,0.215,0.091,0.43,3.1,0.089,0.045,0.715219421101774,1.2474323062558357,1.1511438433369738,0.07884546872171054,0.741147405984079,2.633438655305132,1.7030621243889474,1.3088347807803948
1628370,Malik Monk,Malik,1610612758,SAC,27.0,65,36,29,0.554,2054.11,412,939,0.439,139,428,0.325,154,178,0.865,30,215,245,362,159,61,38,54,158,149,1117,116,2092.0,4,0,2061.0,162,136,362,226,83,63,55,313,73,47,327,83,94,86,302,129,177,36,44,111,94,520,502,96,70,105,72,116,44,73,1,0.554,0.549,0.236,0.099,0.439,2.5,0.246,0.059,0.45580404685835996,1.189563365282215,1.0690761448997375,0.6659818607572136,0.5257751532293791,3.7680552648105508,2.6113499277059162,2.7866083121157095
1631109,Mark Williams,Mark,1610612766,CHA,23.0,44,9,35,0.205,1171.045,270,447,0.604,0,4,0.0,131,163,0.804,132,315,447,109,71,32,54,25,105,128,671,-301,1557.9,21,0,1399.0,322,434,447,519,241,144,212,38,499,497,499,102,106,209,41,59,50,212,186,274,51,380,365,122,169,546,142,28,44,157,1,0.205,0.647,0.21,0.156,0.604,-12.7,0.154,0.178,0.008948545861297539,1.5011185682326622,0.9837367479473462,1.6600557621611465,4.057914085282802,9.683658612606688,3.934946991789385,2.182665909508174
203486,Mason Plumlee,Mason,1610612756,PHX,35.0,74,33,41,0.446,1300.045,125,202,0.619,0,4,0.0,83,128,0.648,116,339,455,134,59,33,47,26,154,110,333,54,1261.0,2,0,1082.0,71,166,512,352,214,294,332,33,499,497,499,169,144,458,54,49,46,168,218,265,66,386,492,151,298,135,199,159,44,220,1,0.446,0.645,0.105,0.098,0.619,0.2,0.133,0.176,0.019801980198019802,1.6485148514851484,0.9138145218050144,1.3014934098435054,3.2121965008903537,9.387367360360603,3.0460484060167143,1.6337895995907834
1641824,Matas Buzelis,Matas,1610612741,CHI,20.0,80,39,41,0.488,1511.295,252,555,0.454,96,266,0.361,88,108,0.815,55,223,278,79,74,29,75,29,128,80,688,-35,1378.1,1,0,1349.0,16,100,512,299,177,162,160,266,144,146,205,161,174,180,173,120,139,274,174,288,26,408,438,206,158,355,171,198,44,174,1,0.488,0.571,0.181,0.079,0.454,-1.7,0.072,0.085,0.47927927927927927,1.2396396396396396,0.6907982888846982,1.7865472988397366,1.310134685815807,5.312000635216817,1.9056504520957191,1.7627266681885403
1631108,Max Christie,Max,1610612742,DAL,22.0,78,40,38,0.513,2127.141666666667,252,590,0.427,115,314,0.366,130,152,0.855,38,220,258,146,88,64,31,39,115,113,749,-83,1474.6,0,0,1458.0,35,89,475,260,72,162,139,364,102,108,185,103,115,100,254,123,163,150,128,103,128,462,402,147,137,432,156,281,44,147,2,0.513,0.57,0.15,0.069,0.427,-1.7,0.093,0.061,0.5322033898305085,1.269491525423729,1.0831436552180742,0.5246477079962547,0.6431165452857316,3.72330631481213,1.9124255162444124,1.4893225259248521
1629622,Max Strus,Max,1610612739,CLE,29.0,50,39,11,0.78,1272.725,165,373,0.442,113,293,0.386,28,34,0.824,53,164,217,158,54,26,12,11,104,57,471,221,1028.4,0,0,1035.0,283,100,128,45,217,253,242,304,108,128,122,331,349,156,179,213,208,137,236,304,295,224,361,269,241,65,241,281,44,234,1,0.78,0.607,0.143,0.083,0.442,7.9,0.157,0.081,0.7855227882037533,1.262734584450402,0.7354298846962228,0.3394291775521028,1.499145534188454,4.638865426545404,1.6122885933724882,1.5274312989844625
1629008,Michael Porter Jr.,Michael,1610612743,DEN,27.0,77,47,30,0.61,2593.2633333333333,528,1048,0.504,193,489,0.395,149,194,0.768,138,402,540,165,104,50,38,48,157,138,1398,265,2453.5,15,0,2472.0,43,36,383,155,19,32,39,119,22,25,103,87,86,278,37,26,26,127,100,161,94,501,498,106,34,51,47,37,44,42,1,0.61,0.617,0.197,0.101,0.504,4.4,0.084,0.103,0.4666030534351145,1.333969465648855,0.694106139111724,0.5275206657249103,1.9157329439483584,5.580613358458262,1.9157329439483584,1.443740769352386
1628969,Mikal Bridges,Mikal,1610612752,NYK,28.0,82,51,31,0.622,3036.076666666667,592,1183,0.5,164,463,0.354,96,118,0.814,71,188,259,306,132,75,43,24,127,130,1444,334,2435.8,1,0,2409.0,1,22,395,135,1,15,20,124,43,33,230,144,161,185,124,172,160,60,68,58,74,370,434,116,30,28,48,198,44,44,1,0.622,0.585,0.192,0.09,0.5,5.6,0.141,0.043,0.39137785291631444,1.220625528317836,0.8893056060288331,0.5098685474565311,0.8418759737072955,2.2291927191122753,1.5414630504499776,1.5651778666107465
201144,Mike Conley,Mike,1610612750,MIN,37.0,71,44,27,0.62,1755.85,187,468,0.4,127,310,0.41,81,90,0.9,32,150,182,319,75,79,14,18,111,100,582,265,1482.9,1,0,1396.0,108,62,334,140,136,228,200,449,88,115,59,174,201,42,290,237,249,55,171,48,265,312,385,169,197,51,154,198,44,160,1,0.62,0.573,0.141,0.092,0.4,6.5,0.243,0.052,0.6623931623931624,1.2435897435897436,1.6197283367030215,0.28704046473218103,0.6560924908164137,3.0754335507019395,2.0502890338012927,1.5377167753509697
1628970,Miles Bridges,Miles,1610612766,CHA,27.0,64,16,48,0.25,2028.735,469,1089,0.431,141,450,0.313,221,254,0.87,72,409,481,248,136,44,45,72,93,181,1300,-259,2380.2,14,1,2348.0,170,340,542,489,87,47,35,343,70,39,354,45,52,83,119,24,36,77,63,197,70,554,323,69,49,532,55,40,20,53,1,0.25,0.541,0.273,0.135,0.431,-5.5,0.203,0.11,0.4132231404958678,1.1937557392102847,0.7807821129915933,0.7985271610141295,1.2776434576226072,7.25772464121731,3.211853692079054,2.4133265310649246
1630540,Miles McBride,Miles,1610612752,NYK,24.0,64,39,25,0.609,1593.455,222,547,0.406,115,312,0.369,52,64,0.813,47,114,161,187,41,67,17,33,108,69,611,211,1295.7,0,0,1242.0,170,100,300,156,162,187,162,430,102,114,176,251,263,186,205,288,277,111,280,92,225,434,375,230,184,66,192,281,44,191,1,0.609,0.531,0.162,0.077,0.406,7.1,0.155,0.049,0.5703839122486288,1.117001828153565,1.5136919461170852,0.38407109080582763,1.0618436039925823,2.5755355501096675,1.5588767803295354,0.9262891013552313
1630541,Moses Moody,Moses,1610612744,GSW,23.0,74,45,29,0.608,1649.15,246,568,0.433,126,337,0.374,106,133,0.797,52,137,189,96,54,59,31,36,116,104,724,132,1310.8,0,0,1315.0,71,56,362,157,156,172,150,336,90,95,158,130,141,226,187,254,241,239,236,124,128,441,406,164,145,98,187,281,44,180,1,0.608,0.578,0.17,0.076,0.433,4.3,0.084,0.056,0.5933098591549296,1.2746478873239437,1.287936209562502,0.6767122457023313,1.1351302185974592,2.990631537458691,2.2702604371949184,1.1787890731589001
1631217,Moussa Diabaté,Moussa,1610612766,CHA,23.0,71,15,56,0.211,1240.6333333333334,167,280,0.596,0,6,0.0,69,116,0.595,187,251,438,56,61,46,40,24,109,115,403,-123,1209.6,7,0,1069.0,108,349,563,517,226,250,287,42,499,482,499,201,165,489,18,101,53,326,212,185,84,370,380,144,267,468,209,87,44,224,1,0.211,0.609,0.13,0.115,0.596,-3.4,0.069,0.169,0.02142857142857143,1.4392857142857143,1.334802117198205,1.1606974932158305,5.426260780784007,7.283376769929336,3.3370052929955127,1.7700636771541416
1626167,Myles Turner,Myles,1610612754,IND,29.0,72,44,28,0.611,2173.6366666666668,390,811,0.481,156,394,0.396,184,238,0.773,90,381,471,111,123,54,144,37,183,204,1120,202,2322.7,13,0,2254.0,95,62,349,153,61,75,83,176,55,64,99,62,61,267,83,31,39,206,75,143,3,451,540,60,69,71,58,46,44,55,1,0.611,0.612,0.207,0.103,0.481,4.7,0.072,0.109,0.48581997533908755,1.3810110974106042,0.8943537021673355,2.3849432057795616,1.4905895036122259,6.310162231958422,3.3786695415210453,2.037138988270042
1630230,Naji Marshall,Naji,1610612742,DAL,27.0,69,32,37,0.464,1919.0833333333333,362,712,0.508,60,218,0.275,130,160,0.813,76,252,328,208,112,70,11,37,109,118,914,-137,1750.6,6,0,1672.0,129,179,465,325,103,90,99,109,222,185,416,103,108,186,110,100,98,98,84,77,311,451,380,137,97,483,109,93,44,115,1,0.464,0.584,0.197,0.105,0.508,-3.2,0.161,0.084,0.3061797752808989,1.2837078651685394,1.3131269269182337,0.206348517087151,1.4256806635112251,4.727256936905641,2.2135568196621653,2.1010030830691737
1629675,Naz Reid,Naz,1610612750,MIN,25.0,80,47,33,0.588,2200.116666666667,426,923,0.462,175,462,0.379,111,143,0.776,92,388,480,181,108,58,72,41,189,119,1138,340,2267.5,10,0,2234.0,16,36,428,191,60,59,57,233,33,34,139,121,125,259,78,30,37,113,91,127,29,477,545,136,66,26,61,62,44,57,1,0.588,0.577,0.21,0.11,0.462,7.4,0.123,0.106,0.5005417118093174,1.2329360780065006,0.949040581181301,1.1781193421560976,1.505374714977236,6.348754232730082,1.9471694682857725,1.7671790132341467
1629651,Nic Claxton,Nic,1610612751,BKN,26.0,70,20,50,0.286,1881.7316666666666,320,568,0.563,5,21,0.238,79,154,0.513,157,358,515,157,87,62,100,30,150,179,724,-497,1976.5,13,0,1725.0,118,296,552,464,109,107,150,60,435,429,452,177,112,505,29,39,30,142,132,106,13,416,480,70,145,563,84,46,44,105,1,0.286,0.569,0.166,0.115,0.563,-12.6,0.14,0.137,0.03697183098591549,1.2746478873239437,1.1861414884693975,1.9131314330151572,3.0036163498337967,6.8490105301942625,3.4245052650971313,1.6644243467231867
1630208,Nick Richards,Nick,1610612756,PHX,27.0,57,17,40,0.298,1256.2233333333334,205,347,0.591,0,2,0.0,119,160,0.744,148,318,466,49,81,14,55,51,141,118,529,-235,1287.7,16,0,1182.0,232,323,503,459,221,203,251,44,499,518,499,116,108,331,33,56,42,346,155,391,48,511,464,137,222,526,196,35,44,203,2,0.298,0.634,0.169,0.107,0.591,-8.7,0.058,0.181,0.005763688760806916,1.5244956772334295,0.40120254625637164,1.5761528602928885,4.2412840604244995,9.113029264966155,3.3815643184465607,2.321243303340436
1641733,Nick Smith Jr.,Nick,1610612766,CHA,21.0,60,14,46,0.233,1368.7466666666667,222,568,0.391,104,306,0.34,43,46,0.935,13,115,128,145,82,17,6,23,79,40,591,-398,949.1,1,0,1014.0,206,364,533,505,199,187,150,462,129,120,279,281,304,25,419,284,311,153,149,363,383,356,290,323,192,559,261,198,44,241,1,0.233,0.502,0.205,0.064,0.391,-14.3,0.169,0.043,0.5387323943661971,1.0404929577464788,0.4471243765586035,0.15780860349127182,0.3419186408977556,3.024664900249377,1.0520573566084788,2.1567175810473813
1629638,Nickeil Alexander-Walker,Nickeil,1610612750,MIN,26.0,82,49,33,0.598,2073.1016666666665,270,616,0.438,141,370,0.381,92,118,0.78,54,211,265,223,99,50,34,24,139,139,773,270,1578.5,1,0,1570.0,1,25,428,173,81,144,129,316,70,75,133,153,161,250,175,135,154,87,109,161,110,370,460,104,131,49,134,198,44,125,1,0.598,0.579,0.155,0.081,0.438,6.6,0.149,0.062,0.6006493506493507,1.25487012987013,0.8682642192334996,0.5904196690787797,0.9377253567721796,3.6640750051653685,2.413774529469129,1.7191631540823293
201587,Nicolas Batum,Nicolas,1610612746,LAC,36.0,78,47,31,0.603,1367.3733333333332,104,238,0.437,88,203,0.433,17,21,0.81,47,171,218,84,34,52,36,5,111,21,313,152,930.6,0,0,879.0,35,36,395,165,201,319,314,323,158,195,27,390,398,199,205,195,205,256,319,152,104,141,385,394,308,90,265,281,44,264,1,0.603,0.633,0.087,0.069,0.437,5.9,0.082,0.077,0.8529411764705882,1.315126050420168,1.3690481994675925,0.9478025996314102,1.2374089495187854,4.502062348249199,0.5528848497849893,0.8951468996518874
203999,Nikola Jokić,Nikola,1610612743,DEN,30.0,70,46,24,0.657,2570.765,786,1364,0.576,138,331,0.417,361,451,0.8,200,692,892,716,230,127,45,63,160,410,2071,594,4501.4,59,34,4161.0,118,45,291,93,22,3,9,52,76,99,46,10,7,212,13,4,4,2,7,4,70,540,505,4,3,2,1,2,1,1,1,0.657,0.663,0.285,0.206,0.576,10.5,0.398,0.173,0.24266862170087977,1.5183284457478006,1.7784589412101068,0.630162616964211,2.80072274206316,9.690500687538535,5.741481621229479,3.2208311533726346
1631107,Nikola Jović,Nikola,1610612748,MIA,22.0,46,21,25,0.457,1155.6766666666667,172,377,0.456,78,210,0.371,72,87,0.828,26,154,180,131,60,38,13,12,82,78,494,-20,999.5,0,0,985.0,307,280,300,333,243,242,240,257,182,190,168,192,207,147,321,231,255,174,215,229,281,241,301,212,235,312,249,281,44,248,1,0.457,0.595,0.178,0.098,0.456,-1.1,0.174,0.076,0.5570291777188329,1.3103448275862069,1.1837220906654975,0.40495755733293337,0.8099151146658667,4.797189525328595,2.4297453439976,1.869034879998154
202696,Nikola Vučević,Nikola,1610612741,CHI,34.0,73,34,39,0.466,2278.25,550,1038,0.53,129,321,0.402,120,149,0.805,178,557,735,256,119,61,52,38,163,164,1349,-98,2835.0,45,1,2695.0,86,157,486,324,47,26,40,82,85,106,75,115,118,206,21,10,12,75,78,111,55,458,510,86,39,450,21,7,20,25,1,0.466,0.611,0.221,0.136,0.53,-2.4,0.165,0.154,0.3092485549132948,1.2996146435452793,0.9638977285196971,0.8216833095577747,2.81268517502469,8.801492373532316,2.591462745528366,1.8803906507187536
1641730,Noah Clowney,Noah,1610612751,BKN,20.0,46,11,35,0.239,1042.2866666666666,133,372,0.358,87,261,0.333,67,80,0.838,43,138,181,40,46,24,21,28,105,82,420,-261,786.2,0,0,818.0,307,407,447,502,264,285,244,501,161,150,297,206,224,125,233,253,253,368,267,320,194,402,365,203,261,533,291,281,44,282,1,0.239,0.516,0.185,0.061,0.358,-12.3,0.063,0.084,0.7016129032258065,1.1290322580645162,0.8289466109771465,0.7253282846050032,1.485196011334054,4.766443013118591,2.832234254171917,1.5888143377061974
1626181,Norman Powell,Norman,1610612746,LAC,32.0,60,39,21,0.65,1957.9883333333332,457,945,0.484,179,428,0.418,213,265,0.804,21,169,190,125,108,73,9,52,114,208,1306,352,1859.5,1,0,1964.0,206,100,253,99,96,51,52,168,28,47,44,51,49,208,358,202,240,184,91,66,346,516,396,59,48,23,99,198,44,81,1,0.65,0.615,0.255,0.11,0.484,8.8,0.096,0.049,0.45291005291005293,1.382010582010582,1.3421939013936923,0.1654759604457977,0.3861105743735279,3.1072708128155346,3.824333308080658,1.9857115253495723
1628384,OG Anunoby,OG,1610612752,NYK,27.0,74,45,29,0.608,2705.7766666666666,489,1027,0.476,171,460,0.372,183,226,0.81,97,261,358,164,102,110,65,89,172,175,1332,301,2430.6,1,0,2375.0,71,56,362,157,9,39,42,191,36,36,167,64,67,198,73,94,87,128,104,11,38,567,529,74,45,41,50,198,44,47,1,0.608,0.591,0.195,0.093,0.476,5.4,0.084,0.067,0.44790652385589097,1.296981499513145,1.4635354235937186,0.8648163866690156,1.2905721462599156,3.472570414163278,2.3283518102627343,1.3570964836959936
1630167,Obi Toppin,Obi,1610612754,IND,27.0,79,48,31,0.608,1544.815,317,599,0.529,110,301,0.365,89,114,0.781,56,262,318,128,68,46,28,25,108,89,833,-77,1560.6,2,0,1537.0,23,30,395,160,167,109,131,83,114,125,188,160,168,249,166,93,106,177,197,185,144,380,375,192,114,427,140,159,44,129,1,0.608,0.642,0.191,0.115,0.529,-2.6,0.116,0.101,0.5025041736227045,1.3906510851419032,1.0719730194230377,0.6525053161705446,1.3050106323410893,6.105585458452953,2.07403475497066,1.5846557678427513
1630534,Ochai Agbaji,Ochai,1610612761,TOR,25.0,64,19,45,0.297,1738.67,266,534,0.498,101,253,0.399,34,48,0.708,61,181,242,98,54,58,30,36,125,48,667,-214,1314.4,0,0,1284.0,170,302,529,460,142,147,169,136,137,155,87,300,299,388,150,180,180,229,236,127,132,441,428,295,170,518,185,281,44,185,1,0.297,0.601,0.144,0.081,0.498,-5.7,0.081,0.066,0.4737827715355805,1.249063670411985,1.2009179430254158,0.6211644532890083,1.2630343883543167,3.7476922015103495,0.9938631252624132,1.118096015920215
1630168,Onyeka Okongwu,Onyeka,1610612737,ATL,24.0,74,35,39,0.473,2063.9266666666667,388,684,0.567,48,148,0.324,164,216,0.759,220,440,660,168,90,69,68,50,193,167,988,40,2353.0,28,0,2138.0,71,149,486,311,82,76,104,57,246,244,328,71,71,296,9,19,14,122,124,83,37,506,549,84,88,157,56,22,44,66,1,0.473,0.634,0.169,0.122,0.567,1.1,0.113,0.157,0.21637426900584794,1.4444444444444444,1.2035311332120973,1.1860886530206174,3.8373456421255274,7.674691284251055,2.912894191977105,1.5698232172331703
1642345,Oso Ighodaro,Oso,1610612756,PHX,22.0,61,25,36,0.41,1045.545,113,187,0.604,0,2,0.0,29,50,0.58,66,156,222,71,39,28,29,15,102,47,255,-21,759.9,0,0,662.0,201,252,455,384,262,313,344,37,499,518,499,324,293,495,137,227,199,289,292,292,140,284,358,299,332,314,294,281,44,313,1,0.41,0.61,0.103,0.073,0.604,-0.6,0.095,0.104,0.0106951871657754,1.3636363636363635,0.9640904982568899,0.9985223017660645,2.272499031605526,5.371361347431243,1.618294764931208,1.3428403368578108
1629023,P.J. Washington,P.J.,1610612742,DAL,26.0,57,31,26,0.544,1834.8583333333333,301,665,0.453,91,239,0.381,143,198,0.722,82,360,442,131,118,63,60,50,131,158,836,49,1813.9,14,0,1746.0,232,186,315,234,122,115,110,269,152,165,135,91,82,362,100,38,51,174,79,104,44,506,443,91,113,140,103,40,44,103,1,0.544,0.556,0.198,0.097,0.453,1.1,0.098,0.115,0.3593984962406015,1.2571428571428571,1.2360627296385278,1.177202599655741,1.608843552862846,7.0632155979344455,3.0999668457601173,2.3151651126562904
1631094,Paolo Banchero,Paolo,1610612753,ORL,22.0,46,21,25,0.457,1581.53,412,911,0.452,87,272,0.32,280,385,0.727,51,294,345,219,136,36,28,51,97,265,1191,-21,1989.5,11,0,1970.0,307,280,300,333,165,63,60,270,161,141,341,24,17,349,192,73,92,91,63,244,144,511,338,29,58,314,81,55,44,80,1,0.457,0.551,0.33,0.157,0.452,-0.6,0.262,0.108,0.29857299670691545,1.3073545554335895,0.819459637186775,0.6373574955897138,1.1609011526812643,6.6922537036919945,6.032133440402648,3.0957364071500386
1627783,Pascal Siakam,Pascal,1610612754,IND,31.0,78,47,31,0.603,2547.8533333333335,613,1182,0.519,126,324,0.389,226,308,0.734,133,407,540,263,109,70,42,45,189,267,1578,312,2847.5,11,0,2731.0,35,36,395,165,25,13,21,96,90,105,116,43,36,341,40,25,26,72,88,77,75,489,545,27,21,37,20,55,44,22,1,0.603,0.599,0.237,0.13,0.519,5.5,0.155,0.104,0.27411167512690354,1.3350253807106598,0.9890679212304214,0.5934407527382528,1.8792290503378006,5.750723484868307,3.7725876424074647,1.5401200487730848
1630172,Patrick Williams,Patrick,1610612741,CHI,23.0,63,31,32,0.492,1576.3266666666666,205,516,0.397,96,272,0.353,60,83,0.723,43,194,237,124,86,48,32,37,88,67,566,-182,1190.4,1,0,1183.0,185,186,413,293,166,203,174,452,144,141,235,225,221,361,233,160,185,186,135,171,124,451,312,242,206,508,213,198,44,202,1,0.492,0.512,0.165,0.062,0.397,-4.8,0.106,0.07,0.5271317829457365,1.0968992248062015,1.096219480733689,0.7308129871557926,0.9820299514905964,4.430553734631993,1.5301396918574408,1.9640599029811927
202331,Paul George,Paul,1610612755,PHI,35.0,41,15,26,0.366,1333.5933333333332,245,570,0.43,96,268,0.358,79,97,0.814,24,195,219,178,106,75,20,20,101,110,665,-83,1373.8,3,0,1348.0,336,349,315,416,209,175,148,348,144,145,215,177,187,183,339,158,202,116,95,58,204,329,351,151,172,432,172,134,44,175,1,0.366,0.543,0.233,0.106,0.43,-3.8,0.217,0.083,0.47017543859649125,1.1666666666666667,2.024605201985613,0.5398947205294968,0.6478736646353961,5.263973525162593,2.969420962912232,2.8614420188063328
1630202,Payton Pritchard,Payton,1610612738,BOS,27.0,80,59,21,0.738,2270.875,409,866,0.472,255,626,0.407,71,84,0.845,102,205,307,279,83,70,14,38,118,86,1144,430,2099.9,5,0,2153.0,16,6,253,58,48,65,69,205,5,11,66,197,216,116,68,141,118,69,145,77,265,458,411,195,65,15,71,106,44,65,1,0.738,0.633,0.186,0.116,0.472,9.5,0.184,0.065,0.7228637413394919,1.3210161662817552,1.1097044090934112,0.2219408818186822,1.6169978532503992,3.2498486266307043,1.363351131171905,1.3157923707821875
1631212,Peyton Watson,Peyton,1610612743,DEN,22.0,68,40,28,0.588,1655.7283333333332,204,428,0.477,48,136,0.353,95,137,0.693,47,186,233,94,56,48,93,36,123,94,551,-26,1338.6,0,0,1208.0,138,89,349,186,155,207,219,189,246,254,235,145,135,401,205,173,189,242,228,171,16,441,422,184,210,334,179,281,44,196,1,0.588,0.564,0.138,0.066,0.477,0.0,0.073,0.069,0.3177570093457944,1.2873831775700935,1.043649471481332,2.022070850995081,1.0219067741588044,4.044141701990162,2.0438135483176088,1.217591050061554
1630173,Precious Achiuwa,Precious,1610612752,NYK,25.0,57,36,21,0.632,1169.6133333333332,164,327,0.502,10,36,0.278,41,69,0.594,101,216,317,55,45,47,42,24,81,51,379,-48,1063.9,3,0,939.0,232,136,253,115,242,255,262,122,396,391,412,288,251,490,71,124,108,331,270,178,75,370,295,287,278,375,235,134,44,255,1,0.632,0.53,0.143,0.092,0.502,-1.2,0.065,0.135,0.11009174311926606,1.1590214067278288,1.4466319353404546,1.2927349209425338,3.108719690837998,6.648351021990174,1.5697495468587912,1.3850731295812864
1629656,Quentin Grimes,Quentin,1610612755,PHI,25.0,75,29,46,0.387,2013.09,384,823,0.467,162,421,0.385,162,214,0.757,59,265,324,228,141,74,22,32,138,174,1092,-261,1969.8,4,0,1998.0,59,212,533,399,90,78,80,222,46,49,123,72,73,299,159,90,103,82,56,61,187,430,456,77,73,533,87,116,44,77,2,0.387,0.595,0.218,0.105,0.467,-6.2,0.172,0.077,0.511543134872418,1.3268529769137303,1.3233387478950271,0.393425033157981,1.0550944071054946,4.738983353948408,3.1116343531585775,2.5214968034216056
1629628,RJ Barrett,RJ,1610612761,TOR,25.0,58,23,35,0.397,1868.8033333333333,460,982,0.468,107,306,0.35,196,311,0.63,61,305,366,314,166,46,17,81,137,233,1223,-139,2156.2,10,2,2136.0,223,265,447,394,114,50,50,218,122,120,247,55,34,467,150,67,84,58,38,185,225,563,455,45,55,485,67,62,15,67,1,0.397,0.547,0.281,0.121,0.468,-3.4,0.257,0.094,0.31160896130346233,1.2454175152749491,0.8861285564202404,0.3274822925900889,1.175083520470319,5.875417602351594,4.4884337749112175,3.1977682688208673
1641741,Ricky Council IV,Ricky,1610612755,PHI,23.0,73,16,57,0.219,1250.015,177,463,0.382,55,213,0.258,123,153,0.804,51,163,214,97,52,32,13,25,67,117,532,-159,1017.3,3,0,988.0,86,340,564,515,223,239,205,478,234,188,435,112,114,207,192,215,214,235,250,274,281,380,264,140,221,501,244,134,44,247,1,0.219,0.502,0.196,0.08,0.382,-6.1,0.115,0.084,0.46004319654427644,1.1490280777537798,0.9215889409327087,0.37439550725391296,1.4687823746115047,4.694343667875986,3.369559565285216,1.4975820290156518
1641842,Ronald Holland II,Ronald,1610612765,DET,19.0,81,44,37,0.543,1266.3216666666667,197,416,0.474,36,151,0.238,92,122,0.754,40,178,218,82,72,49,17,23,141,112,522,-55,1032.6,0,0,990.0,12,62,465,235,219,218,225,199,272,239,451,153,156,303,244,188,205,266,181,168,225,356,464,148,226,384,240,281,44,246,1,0.543,0.556,0.177,0.078,0.474,-1.0,0.095,0.083,0.3629807692307692,1.2548076923076923,1.3930109911515374,0.4832895275423701,1.1371518295114589,5.060325641325992,3.1840251226320855,2.046873293120626
1626220,Royce O'Neale,Royce,1610612756,PHX,32.0,75,33,42,0.44,1836.8733333333332,241,570,0.423,179,441,0.406,19,26,0.731,53,296,349,163,65,67,33,19,151,31,680,-155,1578.3,1,0,1571.0,59,166,517,356,121,176,148,380,28,41,68,378,377,347,179,69,91,131,204,92,115,320,484,349,162,498,135,198,44,123,1,0.44,0.585,0.151,0.085,0.423,-4.2,0.128,0.094,0.7736842105263158,1.1929824561403508,1.3131008851998505,0.646751182262613,1.0387215957551057,5.801162119688892,0.6075541409133637,1.2739038438506014
203497,Rudy Gobert,Rudy,1610612750,MIN,33.0,72,43,29,0.597,2388.423333333333,341,510,0.669,0,0,0.0,184,273,0.674,265,520,785,127,89,56,104,54,182,260,866,327,2389.5,36,0,2098.0,95,75,362,175,36,101,176,15,499,542,499,62,48,432,5,13,9,183,126,136,9,520,538,33,107,33,52,14,44,71,1,0.597,0.687,0.129,0.126,0.669,6.7,0.075,0.161,0.0,1.6980392156862745,0.8440714725334845,1.5675613061336142,3.994266789667382,7.83780653066807,3.918903265334035,1.3414707331335736
1629060,Rui Hachimura,Rui,1610612747,LAL,27.0,59,37,22,0.627,1868.825,293,576,0.509,102,247,0.413,87,113,0.77,79,216,295,83,49,45,26,40,105,85,775,158,1417.5,1,0,1397.0,218,124,274,126,113,119,144,108,135,160,53,162,170,271,107,124,127,259,260,193,158,473,365,197,130,88,163,198,44,159,1,0.627,0.619,0.156,0.086,0.509,3.9,0.063,0.079,0.4288194444444444,1.3454861111111112,0.8668548419461426,0.5008494642355491,1.5218118336387838,4.160903241341485,1.6373924792316028,0.9439086056746886
201566,Russell Westbrook,Russell,1610612743,DEN,36.0,75,43,32,0.573,2092.2916666666665,373,831,0.449,94,291,0.323,154,233,0.661,102,268,370,457,242,106,37,53,188,172,994,-24,2310.5,13,4,2201.0,59,75,413,208,78,84,77,279,149,130,334,83,64,451,68,87,78,13,6,13,99,517,544,79,87,325,59,46,9,60,1,0.573,0.532,0.23,0.093,0.449,-0.6,0.289,0.086,0.35018050541516244,1.1961492178098676,1.823837498755352,0.6366225231504532,1.7550134421985464,4.611211789305985,2.959434431942647,4.163855421686747
1642346,Ryan Dunn,Ryan,1610612756,PHX,22.0,74,32,42,0.432,1410.4166666666667,205,477,0.43,82,264,0.311,19,39,0.487,92,175,267,57,40,44,40,21,162,28,511,-169,1128.9,3,0,1085.0,71,179,517,363,194,203,195,349,174,147,362,378,328,529,78,191,153,325,286,197,84,337,506,363,228,503,219,134,44,219,1,0.432,0.517,0.161,0.059,0.43,-4.7,0.059,0.09,0.5534591194968553,1.071278825995807,1.1230723781388479,1.0209748892171344,2.348242245199409,4.466765140324963,0.714682422451994,1.0209748892171344
1630573,Sam Hauser,Sam,1610612738,BOS,27.0,71,52,19,0.732,1541.1333333333334,214,474,0.451,166,399,0.416,11,11,1.0,44,180,224,64,23,41,13,4,87,29,605,325,1108.8,0,0,1167.0,108,19,226,62,170,193,198,273,40,59,49,426,451,1,221,183,196,308,365,209,281,125,309,359,186,34,222,281,44,208,1,0.732,0.632,0.14,0.083,0.451,10.0,0.057,0.07,0.8417721518987342,1.2763713080168777,0.9577367305446208,0.3036726218800017,1.0278150279015443,4.204697841415408,0.6774235411169269,0.5372669464030799
1630241,Sam Merrill,Sam,1610612739,CLE,29.0,71,54,17,0.761,1401.2816666666668,172,424,0.406,137,368,0.372,28,29,0.966,38,119,157,108,35,53,14,15,124,55,509,321,1025.4,0,0,1045.0,108,16,202,54,195,242,220,431,80,76,165,331,369,23,254,279,287,215,313,149,265,284,425,273,229,35,242,281,44,230,1,0.761,0.583,0.14,0.069,0.406,10.3,0.099,0.052,0.8679245283018868,1.2004716981132075,1.3616106207531438,0.3596707300102644,0.9762491243135747,3.0572012050872472,1.412992153611753,0.899176825025661
1630583,Santi Aldama,Santi,1610612763,MEM,24.0,65,38,27,0.585,1659.6483333333333,313,648,0.483,120,326,0.368,65,94,0.691,94,322,416,188,71,52,29,21,76,83,811,149,1764.2,10,0,1697.0,162,110,334,196,151,110,115,170,97,102,178,214,192,404,76,54,59,109,186,152,140,337,286,202,122,91,107,62,44,110,1,0.585,0.588,0.179,0.121,0.483,3.5,0.149,0.116,0.5030864197530864,1.251543209876543,1.127949796593455,0.629048925023273,2.038986170765092,6.984612201982548,1.8003814061010917,1.5400852991949099
1630703,Scoot Henderson,Scoot,1610612757,POR,21.0,66,30,36,0.455,1759.0716666666667,287,685,0.419,105,297,0.354,158,206,0.767,52,146,198,335,177,68,13,44,181,182,837,-38,1643.1,2,0,1637.0,156,196,455,339,133,123,103,396,124,126,233,78,76,279,187,243,232,48,30,89,281,488,536,66,112,361,117,159,44,117,1,0.455,0.54,0.22,0.084,0.419,-1.3,0.274,0.054,0.4335766423357664,1.2218978102189781,1.3916431299463827,0.2660494219015143,1.0641976876060573,2.987939661355469,3.7246919066212008,3.622365205889849
1630567,Scottie Barnes,Scottie,1610612761,TOR,23.0,65,26,39,0.4,2134.13,474,1063,0.446,76,280,0.271,228,302,0.755,109,393,502,378,184,93,63,40,113,246,1252,-130,2705.4,26,1,2520.0,162,240,486,389,71,45,37,290,187,136,422,42,39,301,63,28,33,29,26,25,39,473,392,40,52,477,28,26,20,34,1,0.4,0.523,0.262,0.139,0.446,-2.7,0.279,0.111,0.2634054562558796,1.1777986829727187,1.5687891552998177,1.0627281374611668,1.8386883648137649,6.629399333686326,4.149700346276937,3.1038409094103923
1630590,Scotty Pippen Jr.,Scotty,1610612763,MEM,24.0,79,46,33,0.582,1682.88,285,594,0.48,87,219,0.397,122,171,0.713,65,194,259,347,138,103,30,43,203,186,779,44,1871.3,9,1,1738.0,23,45,428,200,149,127,136,179,161,183,94,113,97,379,138,160,160,43,59,15,132,483,558,64,127,147,97,71,20,104,1,0.582,0.582,0.188,0.106,0.48,1.3,0.283,0.07,0.3686868686868687,1.3114478114478114,2.2033656588705077,0.6417569880205362,1.390473474044495,4.150028522532801,3.9788933257273245,2.9520821448944665
203552,Seth Curry,Seth,1610612766,CHA,34.0,68,17,51,0.25,1061.9566666666667,164,343,0.478,83,182,0.456,33,39,0.846,24,89,113,60,32,27,7,7,59,52,444,-171,739.6,0,0,768.0,138,323,553,489,259,255,255,180,173,215,15,306,328,113,339,320,333,314,328,301,370,171,244,286,253,505,301,281,44,288,1,0.25,0.616,0.151,0.083,0.478,-8.0,0.087,0.049,0.5306122448979592,1.2944606413994169,0.9152915844023767,0.23729781817839396,0.8135925194687792,3.017072259696723,1.7627837921823553,1.0847900259583725
1631101,Shaedon Sharpe,Shaedon,1610612757,POR,22.0,72,32,40,0.444,2252.33,499,1104,0.452,147,472,0.311,190,242,0.785,68,256,324,198,150,62,16,48,120,189,1335,-138,2104.8,3,0,2160.0,95,179,503,353,51,37,33,271,64,30,358,60,58,241,129,98,103,103,48,106,242,501,415,63,44,484,70,134,44,64,1,0.444,0.551,0.25,0.102,0.452,-3.0,0.138,0.07,0.427536231884058,1.2092391304347827,0.9909737915847145,0.2557351720218618,1.0868744810929127,4.091762752349789,3.0208717195082424,2.3975172377049545
1628983,Shai Gilgeous-Alexander,Shai,1610612760,OKC,26.0,76,63,13,0.829,2597.63,860,1656,0.519,163,435,0.375,601,669,0.898,67,312,379,486,183,131,77,77,164,467,2484,918,4108.8,6,0,3928.0,51,2,157,23,18,1,1,93,45,44,155,1,2,44,133,61,74,11,27,2,24,561,511,2,1,1,2,93,44,2,1,0.829,0.637,0.336,0.199,0.519,16.7,0.299,0.069,0.26268115942028986,1.5,1.8155010528828202,1.0671265730685278,0.9285387064362515,4.323941438927021,6.472053371727305,2.5361579593706574
1631323,Simone Fontecchio,Simone,1610612765,DET,29.0,75,38,37,0.507,1236.6816666666666,150,373,0.402,76,227,0.335,70,84,0.833,52,163,215,65,54,31,12,18,95,69,446,16,876.5,0,0,888.0,59,110,465,264,228,269,242,440,187,172,294,198,216,131,187,215,213,302,236,278,295,312,328,230,251,193,274,281,44,262,1,0.507,0.544,0.152,0.068,0.402,1.2,0.071,0.083,0.6085790884718498,1.195710455764075,0.902414930277126,0.3493219084943714,1.5137282701422758,4.744955923715211,2.0086009738426354,1.5719485882246713
203915,Spencer Dinwiddie,Spencer,1610612742,DAL,32.0,79,37,42,0.468,2136.085,284,682,0.416,109,326,0.334,195,243,0.802,18,191,209,349,102,70,17,23,121,197,872,-222,1805.3,5,0,1713.0,23,124,517,316,70,128,107,404,117,102,296,58,57,211,381,167,221,42,104,77,225,356,418,62,105,521,104,106,44,108,1,0.468,0.553,0.175,0.089,0.416,-5.0,0.228,0.048,0.4780058651026393,1.278592375366569,1.179728334780685,0.2865054527324521,0.30335871465789044,3.218973027758727,3.3200925993113573,1.7190327163947126
201939,Stephen Curry,Stephen,1610612744,GSW,37.0,70,41,29,0.586,2252.45,564,1258,0.448,311,784,0.397,279,299,0.933,40,270,310,421,200,80,30,47,95,247,1718,299,2851.5,9,0,2980.0,118,83,362,194,50,24,15,280,3,2,96,25,40,26,244,85,115,21,17,46,132,498,328,39,14,43,19,71,44,13,1,0.586,0.618,0.286,0.145,0.448,5.7,0.284,0.066,0.6232114467408585,1.3656597774244834,1.2786077382405827,0.47947790184021843,0.6393038691202914,4.315301116561966,3.947701391817799,3.1965193456014562
1642264,Stephon Castle,Stephon,1610612759,SAS,20.0,81,33,48,0.407,2162.0216666666665,423,988,0.428,95,333,0.285,249,344,0.724,89,208,297,332,177,74,22,66,164,262,1190,-239,2155.4,6,0,2106.0,12,166,542,386,65,61,49,359,148,97,404,36,24,359,86,138,123,51,30,61,187,546,511,31,59,527,68,93,44,69,1,0.407,0.522,0.253,0.087,0.428,-4.7,0.231,0.066,0.33704453441295545,1.2044534412955465,1.2321800660338744,0.36632380341547616,1.4819462956353353,3.4634250504735924,4.362583477038852,2.9472415092972395
204456,T.J. McConnell,T.J.,1610612754,IND,33.0,79,49,30,0.62,1415.4333333333334,324,624,0.519,15,49,0.306,57,77,0.74,44,149,193,351,109,83,21,42,79,95,720,-56,1681.1,2,0,1487.0,23,25,383,137,192,106,122,94,361,362,371,234,231,336,221,238,238,41,88,42,194,480,290,179,149,388,113,159,44,137,1,0.62,0.547,0.226,0.129,0.519,-2.7,0.359,0.069,0.07852564102564102,1.1538461538461537,2.111014294797824,0.5341120504910156,1.119091915314509,3.7896521677695874,2.41622118079269,2.772295881120034
1631106,Tari Eason,Tari,1610612745,HOU,24.0,57,36,21,0.632,1420.1933333333334,272,559,0.487,63,184,0.342,79,104,0.76,128,234,362,83,65,97,50,45,136,76,686,145,1620.9,6,0,1488.0,232,136,253,115,190,142,157,162,215,213,270,177,178,295,44,112,85,259,204,21,59,489,449,215,159,93,126,93,44,136,1,0.632,0.567,0.185,0.117,0.487,5.6,0.082,0.118,0.3291592128801431,1.227191413237925,2.4588201606354065,1.2674330724924776,3.2446286655807426,5.931586779264794,1.9264982701885658,1.6476629942402208
1627752,Taurean Prince,Taurean,1610612749,MIL,31.0,80,46,34,0.575,2165.86,235,514,0.457,147,335,0.439,39,48,0.813,34,253,287,155,82,76,15,22,165,60,656,-22,1423.9,1,0,1427.0,16,45,441,207,64,180,175,255,64,96,19,292,299,186,280,99,133,144,149,56,257,349,519,258,174,317,162,198,44,150,1,0.575,0.613,0.123,0.064,0.457,-0.4,0.093,0.065,0.6517509727626459,1.2762645914396886,1.263239544568901,0.24932359432280943,0.5651334804650346,4.205257957578052,0.9972943772912377,1.3629689822980249
1629611,Terance Mann,Terance,1610612737,ATL,28.0,67,37,30,0.552,1414.25,205,413,0.496,60,163,0.368,47,68,0.691,68,131,199,121,47,47,15,28,128,64,517,-95,1076.3,0,0,1021.0,147,124,383,227,193,203,227,141,222,229,178,266,255,405,129,264,231,190,265,178,257,402,438,247,227,446,231,281,44,238,2,0.552,0.584,0.145,0.074,0.496,-2.3,0.118,0.07,0.3946731234866828,1.25181598062954,1.1963938483295034,0.38182782393494785,1.7309528018384301,3.334629662365211,1.629132048789111,1.1963938483295034
1626179,Terry Rozier,Terry,1610612748,MIA,31.0,64,27,37,0.422,1658.22,248,635,0.391,91,308,0.295,92,108,0.852,44,194,238,167,78,37,14,36,73,98,679,-141,1290.1,0,0,1277.0,170,232,465,371,154,169,119,465,152,119,388,153,174,104,221,160,184,124,161,235,265,441,277,173,166,487,194,281,44,186,1,0.422,0.497,0.195,0.078,0.391,-4.9,0.152,0.068,0.48503937007874015,1.0692913385826772,0.8032709773130223,0.3039403697941166,0.9552411622100807,4.211745124289901,2.127582588558816,1.6933820602815066
1642275,Tidjane Salaün,Tidjane,1610612766,CHA,19.0,60,12,48,0.2,1244.3533333333332,114,345,0.33,58,205,0.283,67,94,0.713,70,210,280,74,58,29,14,29,84,79,353,-321,871.0,2,0,851.0,206,393,542,520,224,312,254,517,229,194,406,206,192,380,127,136,138,286,221,288,265,408,306,207,286,549,276,159,44,273,1,0.2,0.457,0.15,0.065,0.33,-11.9,0.092,0.106,0.5942028985507246,1.0231884057971015,0.8389899974819586,0.40502965395680757,2.025148269784038,6.075444809352113,2.2855244758991287,1.6779799949639171
203501,Tim Hardaway Jr.,Tim,1610612765,DET,33.0,77,41,36,0.532,2152.795,276,680,0.406,168,457,0.368,124,145,0.855,18,165,183,123,48,38,7,19,96,151,844,25,1335.1,0,0,1408.0,43,83,455,243,68,139,108,429,39,38,182,110,122,101,381,212,247,187,264,229,370,320,337,94,108,180,181,281,44,155,1,0.532,0.567,0.151,0.066,0.406,-0.5,0.074,0.042,0.6720588235294118,1.2411764705882353,0.635452980892282,0.11705712805910455,0.30100404358055455,2.7592037328217502,2.525089476703541,0.8026774495481455
202699,Tobias Harris,Tobias,1610612765,DET,32.0,73,40,33,0.548,2305.4133333333334,384,805,0.477,91,264,0.345,143,166,0.861,65,367,432,162,85,74,57,46,138,121,1002,187,2071.4,5,0,1949.0,86,89,428,233,38,78,84,188,152,147,261,91,100,91,138,35,55,133,142,61,45,493,456,131,85,75,74,106,44,83,1,0.548,0.571,0.173,0.1,0.477,3.9,0.095,0.092,0.3279503105590062,1.24472049689441,1.1555411610933106,0.8900790024637664,1.0150023712306109,5.730859542178987,1.8894659525985218,1.327310793147722
1641739,Toumani Camara,Toumani,1610612757,POR,25.0,78,33,45,0.423,2548.0516666666667,328,716,0.458,135,360,0.375,91,126,0.722,173,277,450,175,109,116,50,28,230,221,882,-114,2073.5,4,0,1974.0,35,166,529,370,24,103,98,250,81,79,150,156,149,362,23,81,47,118,88,9,59,402,565,52,103,461,73,116,44,78,1,0.423,0.572,0.143,0.076,0.458,-1.8,0.096,0.086,0.5027932960893855,1.2318435754189945,1.6388992635549644,0.7064220963598985,2.444220453405249,3.9135784138338376,3.1223856659107514,1.5400001700645787
1629027,Trae Young,Trae,1610612737,ATL,26.0,76,36,40,0.474,2739.06,566,1376,0.411,218,642,0.34,491,561,0.875,36,200,236,880,355,91,12,66,145,430,1841,34,3398.2,51,0,3381.0,51,136,503,309,7,22,8,414,13,9,280,3,4,76,269,150,186,1,1,28,295,546,469,3,7,167,7,6,44,7,1,0.474,0.567,0.285,0.129,0.411,0.6,0.452,0.042,0.46656976744186046,1.337936046511628,1.1960307550765592,0.15771834132877702,0.4731550239863311,2.628639022146284,5.651573897614511,4.6658342643096535
1626168,Trey Lyles,Trey,1610612758,SAC,29.0,69,34,35,0.493,1349.5216666666668,157,374,0.42,81,238,0.34,56,80,0.7,80,236,316,82,39,41,23,12,86,79,451,-70,1106.2,1,0,1058.0,129,157,447,292,205,264,241,394,175,167,277,235,224,393,104,109,109,266,292,209,173,241,308,207,247,414,224,198,44,227,1,0.493,0.551,0.139,0.087,0.42,-2.0,0.084,0.114,0.6363636363636364,1.2058823529411764,1.0937208615892295,0.6135507272329825,2.134089486027765,6.295563983781908,2.1074133674524185,1.0403686244385355
1630530,Trey Murphy III,Trey,1610612740,NOP,25.0,53,14,39,0.264,1854.23,381,839,0.454,158,438,0.361,204,230,0.887,47,221,268,188,103,56,39,29,112,186,1124,-384,1909.6,2,0,1928.0,263,364,486,482,116,81,74,265,51,42,207,52,65,56,205,121,150,109,101,136,88,408,391,64,68,558,92,159,44,85,1,0.264,0.598,0.229,0.11,0.454,-9.7,0.157,0.069,0.5220500595947557,1.3396901072705603,1.0872437615614028,0.7571876196588342,0.9125081570247487,4.290729844733393,3.6112024937575167,1.9997519185861516
1641783,Tristan da Silva,Tristan,1610612753,ORL,24.0,74,35,39,0.473,1628.6116666666667,199,483,0.412,80,239,0.335,55,63,0.873,73,172,245,113,56,33,18,24,94,57,533,-127,1093.5,1,0,1073.0,71,149,486,311,157,214,192,411,177,165,295,239,267,80,118,193,177,203,228,265,216,370,325,269,219,474,227,198,44,223,1,0.473,0.522,0.149,0.074,0.412,-4.2,0.105,0.076,0.494824016563147,1.10351966873706,0.7294556611101275,0.39788490606006954,1.6136443412436157,3.802011324573998,1.2599688691902204,1.237864152186883
1629660,Ty Jerome,Ty,1610612739,CLE,27.0,70,55,15,0.786,1392.4,319,618,0.516,111,253,0.439,129,148,0.872,50,123,173,237,92,78,3,27,102,124,878,302,1592.1,0,0,1561.0,118,11,179,40,197,108,128,98,112,155,20,106,120,81,197,273,263,80,120,52,441,395,358,126,104,39,132,281,44,126,1,0.786,0.643,0.229,0.134,0.516,9.9,0.241,0.06,0.40938511326860844,1.4207119741100325,2.016661878770468,0.07756391841424878,1.292731973570813,3.1801206549842,3.2059752944556164,2.378626831370296
1629639,Tyler Herro,Tyler,1610612748,MIA,25.0,77,37,40,0.481,2725.08,651,1378,0.472,251,670,0.375,287,327,0.878,35,364,399,424,198,69,17,75,85,227,1840,99,3014.8,9,0,3086.0,43,124,503,307,8,8,7,204,6,6,156,22,30,73,273,36,66,19,18,83,225,555,307,47,8,112,17,71,44,12,1,0.481,0.605,0.271,0.139,0.472,1.3,0.254,0.073,0.4862119013062409,1.3352685050798259,0.9115328724294334,0.22458056277246907,0.4623717468844951,4.80866616759875,2.99881104407944,2.615703025232287
1630169,Tyrese Haliburton,Tyrese,1610612754,IND,25.0,73,46,27,0.63,2450.391666666667,476,1006,0.473,218,562,0.388,189,222,0.851,42,216,258,673,120,105,49,23,92,175,1359,222,3020.1,31,0,2816.0,86,45,334,121,30,43,45,200,13,15,118,61,70,105,237,124,163,4,76,14,64,356,321,74,38,64,16,18,44,19,1,0.63,0.616,0.21,0.143,0.473,3.5,0.384,0.052,0.558648111332008,1.3508946322067594,1.5426105350505188,0.7198849163569088,0.6170442140202076,3.173370243532496,2.5710175584175317,1.7629834686291646
1631213,Tyrese Martin,Tyrese,1610612751,BKN,26.0,60,16,44,0.267,1315.32,189,465,0.406,99,282,0.351,46,58,0.793,58,161,219,122,74,34,9,15,77,50,523,-258,1023.8,1,0,1049.0,206,340,524,480,213,227,202,424,140,135,243,271,277,230,164,218,202,189,174,259,346,284,288,290,225,530,243,198,44,229,1,0.267,0.533,0.179,0.084,0.406,-10.2,0.15,0.083,0.6064516129032258,1.124731182795699,0.9305720280996259,0.24632788979107748,1.5874464008758327,4.406532250707053,1.368488276617097,2.0253626493933035
1630178,Tyrese Maxey,Tyrese,1610612755,PHI,24.0,52,20,32,0.385,1960.195,477,1091,0.437,161,478,0.337,254,289,0.879,15,159,174,317,124,91,21,61,116,224,1369,-124,2265.3,8,1,2245.0,267,296,413,400,95,41,34,322,47,29,290,34,42,69,405,223,261,56,74,28,194,536,406,51,37,469,63,77,20,56,1,0.385,0.562,0.293,0.127,0.437,-3.5,0.276,0.045,0.4381301558203483,1.2548120989917506,1.671262297883629,0.38567591489622205,0.27548279635444434,2.92011764135711,4.1138764255597025,2.277324449863406
1626145,Tyus Jones,Tyus,1610612756,PHX,29.0,81,36,45,0.444,2173.516666666667,306,683,0.448,166,401,0.414,51,57,0.895,40,156,196,429,91,69,8,26,63,76,829,-92,1847.7,6,0,1774.0,12,136,529,353,62,113,105,284,40,57,51,254,280,45,244,227,235,18,122,83,361,386,257,215,115,444,101,93,44,101,1,0.444,0.585,0.16,0.099,0.448,-2.5,0.276,0.045,0.5871156661786238,1.2137628111273793,1.1428483793545023,0.13250415992515968,0.6625207996257984,2.5838311185406138,1.2587895192890168,1.507234819148691
1641705,Victor Wembanyama,Victor,1610612759,SAS,21.0,46,21,25,0.457,1527.2533333333333,408,857,0.476,142,403,0.352,158,189,0.836,82,424,506,168,149,52,176,27,105,226,1116,102,2510.2,28,1,2388.0,307,280,300,333,172,66,70,192,68,56,240,78,89,128,100,22,32,122,50,152,1,395,365,50,71,110,43,22,20,46,1,0.457,0.594,0.3,0.168,0.476,2.6,0.184,0.159,0.47024504084014,1.3022170361726955,1.2257298505377845,4.148624109512502,1.9328816873865067,9.994412627461935,5.327210504260372,3.512187456348652
1630249,Vít Krejčí,Vít,1610612737,ATL,25.0,57,28,29,0.491,1152.6316666666667,145,292,0.497,90,206,0.437,32,45,0.711,22,134,156,147,50,36,26,8,105,41,412,-66,955.7,1,0,929.0,232,220,362,295,245,271,280,139,155,193,23,312,308,382,349,259,288,149,257,244,158,187,365,321,264,404,258,198,44,256,1,0.491,0.661,0.131,0.086,0.497,-1.9,0.175,0.067,0.7054794520547946,1.4109589041095891,1.124383476074317,0.81205473272034,0.6871232353787492,4.1852051609432905,1.2805478477513053,1.5616437167698847
1631117,Walker Kessler,Walker,1610612762,UTA,23.0,58,14,44,0.241,1740.32,278,419,0.663,6,34,0.176,79,152,0.52,266,441,707,97,86,36,138,41,130,129,641,-329,2070.9,28,0,1799.0,223,364,524,500,140,136,224,19,422,396,483,177,115,504,4,18,13,235,135,244,4,477,441,120,176,550,75,22,44,97,1,0.241,0.66,0.133,0.127,0.663,-9.1,0.083,0.19,0.081145584725537,1.529832935560859,0.7446906316079802,2.854647421163924,5.502436333547854,9.122460237197757,2.668474763261929,1.7789831755079526
1628976,Wendell Carter Jr.,Wendell,1610612753,ORL,26.0,68,31,37,0.456,1758.2683333333334,226,491,0.46,37,158,0.234,129,175,0.737,151,341,492,134,77,52,41,31,199,177,618,-13,1611.4,10,0,1467.0,138,186,465,338,134,185,187,241,268,232,454,106,95,338,31,46,34,168,163,152,79,422,553,72,180,286,128,62,44,145,1,0.456,0.544,0.159,0.099,0.46,0.0,0.117,0.14,0.32179226069246436,1.2586558044806517,1.0646839077463526,0.8394623118769319,3.091678270571139,6.981869471952043,3.624020224444316,1.5765511710859452
1642274,Yves Missi,Yves,1610612740,NOP,21.0,73,19,54,0.26,1955.79,269,492,0.547,0,1,0.0,127,204,0.623,255,346,601,99,82,37,98,65,145,166,665,-514,1857.7,14,0,1635.0,86,302,557,485,97,146,185,70,499,525,499,109,78,473,7,44,19,228,149,235,14,543,469,85,172,565,100,40,44,118,1,0.26,0.572,0.141,0.09,0.547,-12.7,0.072,0.149,0.0020325203252032522,1.3516260162601625,0.6810547144632092,1.8038746491187705,4.69375546454374,6.36878192443974,3.055542772997101,1.5093645023238693
1642258,Zaccharie Risacher,Zaccharie,1610612737,ATL,20.0,75,38,37,0.507,1843.3866666666668,357,779,0.458,122,344,0.355,106,149,0.711,86,182,268,92,92,52,37,53,149,106,942,-121,1576.6,1,0,1602.0,59,110,465,264,117,94,87,248,95,88,228,130,118,381,95,178,150,245,120,152,99,517,476,158,94,465,137,198,44,121,1,0.507,0.558,0.203,0.071,0.458,-2.7,0.068,0.071,0.441591784338896,1.209242618741977,1.0155221548743616,0.7225830717375266,1.6795174099845211,3.5543275420602654,2.070102854166968,1.7966930432392552
1641744,Zach Edey,Zach,1610612763,MEM,23.0,66,35,31,0.53,1415.765,251,433,0.58,18,52,0.346,90,127,0.709,232,316,548,65,88,36,85,31,182,118,610,164,1640.1,12,0,1483.0,156,149,395,248,191,164,217,51,348,354,255,159,148,387,8,57,23,302,128,244,20,422,538,137,185,87,119,53,44,140,1,0.53,0.624,0.156,0.111,0.58,5.3,0.059,0.179,0.12009237875288684,1.4087759815242493,0.9154061585079444,2.1613756520326466,5.899284132606753,8.035231835791956,3.0004979639982623,2.237659498574975
203897,Zach LaVine,Zach,1610612758,SAC,30.0,74,32,42,0.432,2602.48,625,1223,0.511,239,536,0.446,235,285,0.825,22,293,315,310,208,58,12,48,121,228,1724,-70,2569.0,6,0,2728.0,71,179,517,363,17,11,16,105,8,19,18,40,44,153,349,75,110,59,10,127,295,501,418,46,12,414,40,93,44,23,2,0.432,0.639,0.251,0.115,0.511,-1.4,0.178,0.059,0.4382665576451349,1.4096484055600982,0.8023116412037749,0.1659955119731948,0.3043251052841905,4.053057084012173,3.1539147274907013,2.8772555408687097
1630533,Ziaire Williams,Ziaire,1610612751,BKN,23.0,63,22,41,0.349,1541.4033333333334,214,520,0.412,103,302,0.341,101,123,0.821,61,226,287,84,67,62,28,38,149,116,632,-330,1305.4,2,0,1286.0,185,274,512,433,169,193,172,413,133,124,275,136,155,165,150,117,133,256,199,106,144,458,476,142,178,551,189,159,44,184,1,0.349,0.55,0.179,0.081,0.412,-9.7,0.086,0.093,0.5807692307692308,1.2153846153846153,1.448031123154009,0.6539495394889072,1.4246757824579765,5.278306997303322,2.709219520739759,1.564807826634171
